high,low,last,instrument_name,bid_price,ask_price,open_interest,mark_price,creation_timestamp,price_change,interest_rate,volume,mark_iv,underlying_price,underlying_index,estimated_delivery_price,base_currency,quote_currency,volume_usd,mid_price,strike,expiration_timestamp,option_type,spread,spread_ratio,moneyness,intrinsic_value,mid_price_usd,arbitrage_opportunity
0.04,0.005,0.039,ETH-9APR26-2175-C,0.038,0.04,1543.0,0.039037,1775654883632,680.0,0.0,5852.0,64.66,2260.23,index_price,2260.23,ETH,ETH,276834.89,0.039,2175.0,1775721600000,call,0.0020000000000000018,0.05128205128205133,0.9622914482154471,85.23000000000002,88.14897,False
0.0095,0.003,0.006,ETH-24APR26-2700-C,0.007,0.008,15962.0,0.007417,1775654883632,81.8182,0.0,568.0,67.06,2260.23,ETH-24APR26,2260.23,ETH,ETH,6046.31,0.0075,2700.0,1777017600000,call,0.001,0.13333333333333333,1.194568694336417,0.0,16.951725,False
,,0.642,ETH-25SEP26-3300-P,0.4925,0.5165,2.0,0.501499,1775654883632,,0.0,0.0,65.49,2260.23,ETH-25SEP26,2260.23,ETH,ETH,0.0,0.5045,3300.0,1790323200000,put,0.023999999999999966,0.047571853320118866,1.4600284041889542,1039.77,1140.2860349999999,False
0.0195,0.0175,0.0195,ETH-12APR26-2225-P,0.016,0.017,27.0,0.016778,1775654883632,11.4286,0.0,27.0,59.26,2260.23,index_price,2260.23,ETH,ETH,1093.15,0.0165,2225.0,1775980800000,put,0.0010000000000000009,0.060606060606060656,0.9844130907031585,0.0,37.293795,False
0.058,0.0555,0.0565,ETH-26JUN26-2700-C,0.056,0.0575,4776.0,0.057123,1775654883632,-2.5862,0.0,82.0,64.58,2260.23,ETH-26JUN26,2260.23,ETH,ETH,10462.08,0.05675,2700.0,1782460800000,call,0.0015000000000000013,0.02643171806167403,1.194568694336417,0.0,128.2680525,False
,,,ETH-9APR26-2325-P,0.0305,0.035,0.0,0.03166,1775654883632,,0.0,0.0,66.5,2260.23,index_price,2260.23,ETH,ETH,0.0,0.03275,2325.0,1775721600000,put,0.004500000000000004,0.13740458015267187,1.0286563756785814,64.76999999999998,74.0225325,False
0.02,0.0006,0.008,ETH-9APR26-2275-C,0.008,0.0085,1285.0,0.008301,1775654883632,1233.3333,0.0,1380.0,61.27,2260.23,index_price,2260.23,ETH,ETH,21125.87,0.00825,2275.0,1775721600000,call,0.0005000000000000004,0.060606060606060656,1.00653473319087,0.0,18.6468975,False
0.026,0.022,0.0235,ETH-10APR26-2225-C,0.025,0.027,12.0,0.026227,1775654883632,-7.8431,0.0,23.0,62.93,2260.23,ETH-10APR26,2260.23,ETH,ETH,1222.33,0.026000000000000002,2225.0,1775808000000,call,0.0019999999999999983,0.07692307692307686,0.9844130907031585,35.23000000000002,58.765980000000006,False
0.11,0.049,0.11,ETH-10APR26-2000-C,0.1135,0.1165,3569.0,0.115439,1775654883633,124.4898,0.0,101.0,83.07,2260.23,ETH-10APR26,2260.23,ETH,ETH,13992.78,0.115,2000.0,1775808000000,call,0.0030000000000000027,0.026086956521739153,0.8848656995084571,260.23,259.92645,True
,,,ETH-10APR26-2275-P,0.0205,0.0215,0.0,0.021093,1775654883633,,0.0,0.0,63.15,2260.23,ETH-10APR26,2260.23,ETH,ETH,0.0,0.020999999999999998,2275.0,1775808000000,put,0.0009999999999999974,0.0476190476190475,1.00653473319087,14.769999999999982,47.46482999999999,False
0.0485,0.022,0.0425,ETH-24APR26-2300-C,0.0455,0.0465,19476.0,0.045937,1775654883633,93.1818,0.0,667.0,64.34,2260.23,ETH-24APR26,2260.23,ETH,ETH,54297.99,0.046,2300.0,1777017600000,call,0.0010000000000000009,0.02173913043478263,1.0175955544347257,0.0,103.97058,False
0.165,0.1596,0.165,ETH-29MAY26-2000-C,0.162,0.1655,6837.0,0.164127,1775654883633,3.3835,0.0,175.0,67.07,2260.23,ETH-29MAY26,2260.23,ETH,ETH,62570.15,0.16375,2000.0,1780041600000,call,0.003500000000000003,0.021374045801526735,0.8848656995084571,260.23,370.1126625,False
,,0.273,ETH-26JUN26-1700-C,0.279,0.2815,69.0,0.280614,1775654883633,,0.0,0.0,70.28,2260.23,ETH-26JUN26,2260.23,ETH,ETH,0.0,0.28025,1700.0,1782460800000,call,0.0024999999999999467,0.008920606601248694,0.7521358445821885,560.23,633.4294575,False
,,,ETH-12APR26-2200-C,0.038,0.0405,0.0,0.039638,1775654883633,,0.0,0.0,59.63,2260.23,index_price,2260.23,ETH,ETH,0.0,0.03925,2200.0,1775980800000,call,0.0025000000000000022,0.06369426751592362,0.9733522694593028,60.23000000000002,88.7140275,False
0.072,0.062,0.072,ETH-26JUN26-2600-C,0.0675,0.069,13025.0,0.068319,1775654883633,16.129,0.0,313.0,64.58,2260.23,ETH-26JUN26,2260.23,ETH,ETH,42868.39,0.06825,2600.0,1782460800000,call,0.0015000000000000013,0.021978021978021997,1.1503254093609943,0.0,154.26069750000002,False
0.0105,0.0065,0.0065,ETH-11APR26-2350-C,0.008,0.009,135.0,0.008404,1775654883633,-38.0952,0.0,138.0,64.9,2260.23,index_price,2260.23,ETH,ETH,2665.56,0.0085,2350.0,1775894400000,call,0.0009999999999999992,0.1176470588235293,1.039717196922437,0.0,19.211955000000003,False
0.1762,0.1756,0.1762,ETH-25DEC26-2600-C,0.1755,0.1775,952.0,0.176725,1775654883633,0.3417,0.0,175.0,66.07,2260.23,ETH-25DEC26,2260.23,ETH,ETH,69652.52,0.1765,2600.0,1798185600000,call,0.0020000000000000018,0.01133144475920681,1.1503254093609943,0.0,398.930595,False
,,0.218,ETH-29MAY26-2700-P,0.22,0.233,3.0,0.226151,1775654883633,,0.0,0.0,64.23,2260.23,ETH-29MAY26,2260.23,ETH,ETH,0.0,0.2265,2700.0,1780041600000,put,0.013000000000000012,0.05739514348785877,1.194568694336417,439.77,511.942095,False
,,0.147,ETH-10APR26-1850-C,0.179,0.186,68.0,0.181607,1775654883633,,0.0,0.0,114.5,2260.23,ETH-10APR26,2260.23,ETH,ETH,0.0,0.1825,1850.0,1775808000000,call,0.007000000000000006,0.03835616438356168,0.8185007720453228,410.23,412.49197499999997,False
0.0145,0.013,0.014,ETH-12APR26-2200-P,0.0125,0.013,61.0,0.0128,1775654883633,7.6923,0.0,61.0,59.63,2260.23,index_price,2260.23,ETH,ETH,1895.76,0.012750000000000001,2200.0,1775980800000,put,0.0004999999999999987,0.0392156862745097,0.9733522694593028,0.0,28.8179325,False
0.0355,0.0121,0.0305,ETH-24APR26-2400-C,0.0295,0.03,23075.0,0.029882,1775654883633,144.0,0.0,4692.0,64.38,2260.23,ETH-24APR26,2260.23,ETH,ETH,306938.56,0.02975,2400.0,1777017600000,call,0.0005000000000000004,0.016806722689075647,1.0618388394101486,0.0,67.2418425,False
0.076,0.046,0.071,ETH-29MAY26-2400-C,0.071,0.0725,11599.0,0.071791,1775654883633,54.3478,0.0,71.0,64.33,2260.23,ETH-29MAY26,2260.23,ETH,ETH,10786.56,0.07175,2400.0,1780041600000,call,0.0015000000000000013,0.020905923344947754,1.0618388394101486,0.0,162.1715025,False
,,,ETH-12APR26-2075-P,0.0027,0.003,0.0,0.002846,1775654883633,,0.0,0.0,64.68,2260.23,index_price,2260.23,ETH,ETH,0.0,0.00285,2075.0,1775980800000,put,0.0002999999999999999,0.10526315789473681,0.9180481632400243,0.0,6.4416555,False
0.1935,0.1675,0.1675,ETH-24APR26-2600-P,0.1515,0.1845,82.0,0.160765,1775654883633,-13.4367,0.0,2.0,65.65,2260.23,ETH-24APR26,2260.23,ETH,ETH,800.68,0.16799999999999998,2600.0,1777017600000,put,0.033,0.19642857142857145,1.1503254093609943,339.77,379.71863999999994,False
0.0295,0.0035,0.0295,ETH-12APR26-2225-C,0.0315,0.0335,3.0,0.032558,1775654883633,742.8571,0.0,3.0,59.26,2260.23,index_price,2260.23,ETH,ETH,140.44,0.0325,2225.0,1775980800000,call,0.0020000000000000018,0.06153846153846159,0.9844130907031585,35.23000000000002,73.457475,False
,,0.505,ETH-25DEC26-3000-P,0.4225,0.429,707.0,0.426244,1775654883633,,0.0,0.0,66.0,2260.23,ETH-25DEC26,2260.23,ETH,ETH,0.0,0.42574999999999996,3000.0,1798185600000,put,0.006500000000000006,0.015267175572519099,1.3272985492626856,739.77,962.2929224999999,False
0.0044,0.0043,0.0044,ETH-12APR26-2100-P,0.0036,0.0039,43.0,0.003827,1775654883633,0.0,0.0,43.0,63.02,2260.23,index_price,2260.23,ETH,ETH,422.55,0.00375,2100.0,1775980800000,put,0.0002999999999999999,0.07999999999999999,0.9291089844838799,0.0,8.4758625,False
,,,ETH-10APR26-2600-P,0.1435,0.179,0.0,0.150744,1775654883633,,0.0,0.0,92.81,2260.23,ETH-10APR26,2260.23,ETH,ETH,0.0,0.16125,2600.0,1775808000000,put,0.035500000000000004,0.22015503875968995,1.1503254093609943,339.77,364.4620875,False
0.299,0.2355,0.2355,ETH-25SEP26-2500-P,0.2325,0.2355,2959.0,0.233615,1775654883633,-21.2375,0.0,33.0,65.52,2260.23,ETH-25SEP26,2260.23,ETH,ETH,18544.37,0.23399999999999999,2500.0,1790323200000,put,0.002999999999999975,0.012820512820512714,1.1060821243855714,239.76999999999998,528.89382,False
0.0235,0.022,0.022,ETH-26JUN26-3200-C,0.0225,0.0235,13850.0,0.023092,1775654883633,-6.383,0.0,89.0,65.23,2260.23,ETH-26JUN26,2260.23,ETH,ETH,4528.13,0.023,3200.0,1782460800000,call,0.0010000000000000009,0.04347826086956526,1.4157851192135313,0.0,51.98529,False
0.029,0.021,0.0215,ETH-26JUN26-1600-P,0.0205,0.0215,6595.0,0.021044,1775654883633,-25.8621,0.0,100.0,71.94,2260.23,ETH-26JUN26,2260.23,ETH,ETH,5434.61,0.020999999999999998,1600.0,1782460800000,put,0.0009999999999999974,0.0476190476190475,0.7078925596067657,0.0,47.46482999999999,False
0.02,0.0195,0.0195,ETH-26JUN26-3100-C,0.027,0.028,704.0,0.02763,1775654883633,-2.5,0.0,10.0,65.0,2260.23,ETH-26JUN26,2260.23,ETH,ETH,406.76,0.0275,3100.0,1782460800000,call,0.0010000000000000009,0.0363636363636364,1.3715418342381085,0.0,62.156325,False
0.2635,0.2375,0.2635,ETH-26MAR27-2300-C,0.2625,0.2655,81.0,0.264048,1775654883633,10.9474,0.0,59.0,67.1,2260.23,ETH-26MAR27,2260.23,ETH,ETH,34753.83,0.264,2300.0,1806048000000,call,0.0030000000000000027,0.011363636363636373,1.0175955544347257,0.0,596.70072,False
,,,ETH-10APR26-2800-P,0.231,0.2665,0.0,0.238924,1775654883633,,0.0,0.0,109.45,2260.23,ETH-10APR26,2260.23,ETH,ETH,0.0,0.24875000000000003,2800.0,1775808000000,put,0.035500000000000004,0.14271356783919598,1.23881197931184,539.77,562.2322125000001,False
0.161,0.145,0.149,ETH-29MAY26-2450-P,0.1435,0.1465,844.0,0.144481,1775654883633,-7.4534,0.0,331.0,64.21,2260.23,ETH-29MAY26,2260.23,ETH,ETH,110659.35,0.145,2450.0,1780041600000,put,0.0030000000000000027,0.020689655172413814,1.0839604818978599,189.76999999999998,327.73335,False
0.0255,0.0205,0.0245,ETH-17APR26-2350-C,0.0235,0.024,1079.0,0.023709,1775654883633,-3.9216,0.0,1080.0,63.8,2260.23,ETH-17APR26,2260.23,ETH,ETH,53955.13,0.02375,2350.0,1776412800000,call,0.0005000000000000004,0.021052631578947385,1.039717196922437,0.0,53.680462500000004,False
,,0.3745,ETH-29MAY26-2900-P,0.2745,0.3285,2.0,0.300646,1775654883633,,0.0,0.0,64.62,2260.23,ETH-29MAY26,2260.23,ETH,ETH,0.0,0.3015,2900.0,1780041600000,put,0.05399999999999999,0.1791044776119403,1.2830552642872628,639.77,681.459345,False
,,,ETH-26JUN26-1200-C,0.4755,0.4785,0.0,0.477411,1775654883633,,0.0,0.0,82.56,2260.23,ETH-26JUN26,2260.23,ETH,ETH,0.0,0.477,1200.0,1782460800000,call,0.0030000000000000027,0.0062893081761006345,0.5309194197050743,1060.23,1078.12971,False
,,0.2095,ETH-29MAY26-1750-C,0.246,0.2515,96.0,0.248238,1775654883634,,0.0,0.0,70.9,2260.23,ETH-29MAY26,2260.23,ETH,ETH,0.0,0.24875,1750.0,1780041600000,call,0.005500000000000005,0.022110552763819114,0.7742574870698999,510.23,562.2322125,False
0.0955,0.03,0.0885,ETH-10APR26-2050-C,0.0915,0.0945,15110.0,0.093556,1775654883634,195.0,0.0,141.0,74.59,2260.23,ETH-10APR26,2260.23,ETH,ETH,14707.12,0.093,2050.0,1775808000000,call,0.0030000000000000027,0.03225806451612906,0.9069873419961685,210.23000000000002,210.20139,True
,,,ETH-24APR26-3100-P,0.3605,0.406,0.0,0.371415,1775654883634,,0.0,0.0,74.85,2260.23,ETH-24APR26,2260.23,ETH,ETH,0.0,0.38325,3100.0,1777017600000,put,0.04550000000000004,0.11872146118721473,1.3715418342381085,839.77,866.2331475,False
0.015,0.0047,0.0049,ETH-24APR26-1800-P,0.0047,0.005,17097.0,0.004825,1775654883634,-67.3333,0.0,3521.0,76.75,2260.23,ETH-24APR26,2260.23,ETH,ETH,51276.73,0.00485,1800.0,1777017600000,put,0.0002999999999999999,0.061855670103092765,0.7963791295576114,0.0,10.962115500000001,False
0.019,0.002,0.012,ETH-9APR26-2250-C,0.013,0.014,2307.0,0.013568,1775654883634,500.0,0.0,2634.0,61.03,2260.23,index_price,2260.23,ETH,ETH,89059.11,0.0135,2250.0,1775721600000,call,0.0010000000000000009,0.07407407407407414,0.9954739119470143,10.230000000000018,30.513105,False
0.0275,0.014,0.0145,ETH-17APR26-2100-P,0.0135,0.014,911.0,0.013761,1775654883634,-47.2727,0.0,326.0,66.65,2260.23,ETH-17APR26,2260.23,ETH,ETH,13970.88,0.01375,2100.0,1776412800000,put,0.0005000000000000004,0.0363636363636364,0.9291089844838799,0.0,31.0781625,False
0.0205,0.0043,0.0055,ETH-9APR26-2225-P,0.005,0.0055,521.0,0.005111,1775654883634,-73.1707,0.0,546.0,61.61,2260.23,index_price,2260.23,ETH,ETH,10255.21,0.0052499999999999995,2225.0,1775721600000,put,0.0004999999999999996,0.09523809523809516,0.9844130907031585,0.0,11.866207499999998,False
0.0285,0.0186,0.028,ETH-29MAY26-2800-C,0.027,0.028,3363.0,0.02776,1775654883634,50.5376,0.0,360.0,64.39,2260.23,ETH-29MAY26,2260.23,ETH,ETH,22474.46,0.0275,2800.0,1780041600000,call,0.0010000000000000009,0.0363636363636364,1.23881197931184,0.0,62.156325,False
0.007,0.0009,0.0046,ETH-11APR26-2400-C,0.0046,0.0049,140.0,0.004785,1775654883634,411.1111,0.0,152.0,67.13,2260.23,index_price,2260.23,ETH,ETH,864.92,0.00475,2400.0,1775894400000,call,0.0002999999999999999,0.0631578947368421,1.0618388394101486,0.0,10.7360925,False
0.0585,0.0125,0.0585,ETH-10APR26-2125-C,0.059,0.063,646.0,0.061725,1775654883634,333.3333,0.0,1493.0,66.64,2260.23,ETH-10APR26,2260.23,ETH,ETH,91943.31,0.061,2125.0,1775808000000,call,0.0040000000000000036,0.06557377049180334,0.9401698057277357,135.23000000000002,137.87403,False
0.017,0.006,0.015,ETH-24APR26-2550-C,0.0145,0.0155,3574.0,0.014898,1775654883634,150.0,0.0,1525.0,65.16,2260.23,ETH-24APR26,2260.23,ETH,ETH,47661.94,0.015,2550.0,1777017600000,call,0.0009999999999999992,0.06666666666666661,1.1282037668732827,0.0,33.90345,False
0.131,0.129,0.129,ETH-25DEC26-3000-C,0.129,0.131,1486.0,0.130067,1775654883634,-1.5267,0.0,20.0,66.0,2260.23,ETH-25DEC26,2260.23,ETH,ETH,5851.19,0.13,3000.0,1798185600000,call,0.0020000000000000018,0.015384615384615398,1.3272985492626856,0.0,293.8299,False
0.155,0.11,0.155,ETH-24APR26-1950-C,0.1465,0.15,1215.0,0.149344,1775654883634,40.9091,0.0,3.0,70.73,2260.23,ETH-24APR26,2260.23,ETH,ETH,845.13,0.14825,1950.0,1777017600000,call,0.003500000000000003,0.023608768971332232,0.8627440570207456,310.23,335.0790975,False
0.0785,0.0785,0.0785,ETH-24APR26-2350-P,0.075,0.077,2601.0,0.075717,1775654883634,0.0,0.0,11.0,64.29,2260.23,ETH-24APR26,2260.23,ETH,ETH,1943.25,0.076,2350.0,1777017600000,put,0.0020000000000000018,0.026315789473684233,1.039717196922437,89.76999999999998,171.77748,False
,,0.2734,ETH-26MAR27-2100-C,0.298,0.305,56.0,0.300281,1775654883634,,0.0,0.0,67.52,2260.23,ETH-26MAR27,2260.23,ETH,ETH,0.0,0.3015,2100.0,1806048000000,call,0.007000000000000006,0.023217247097844135,0.9291089844838799,160.23000000000002,681.459345,False
0.1925,0.1925,0.1925,ETH-25DEC26-2200-P,0.191,0.194,1959.0,0.192487,1775654883634,0.0,0.0,5.0,66.66,2260.23,ETH-25DEC26,2260.23,ETH,ETH,2173.36,0.1925,2200.0,1798185600000,put,0.0030000000000000027,0.015584415584415598,0.9733522694593028,0.0,435.09427500000004,False
,,0.1677,ETH-10APR26-2400-P,0.0585,0.072,80.0,0.064569,1775654883634,,0.0,0.0,70.32,2260.23,ETH-10APR26,2260.23,ETH,ETH,0.0,0.06525,2400.0,1775808000000,put,0.013499999999999991,0.2068965517241378,1.0618388394101486,139.76999999999998,147.4800075,False
,,0.3595,ETH-25SEP26-1500-C,0.384,0.387,338.0,0.386117,1775654883634,,0.0,0.0,71.11,2260.23,ETH-25SEP26,2260.23,ETH,ETH,0.0,0.3855,1500.0,1790323200000,call,0.0030000000000000027,0.007782101167315182,0.6636492746313428,760.23,871.318665,False
0.0065,0.005,0.0055,ETH-12APR26-2400-C,0.0055,0.006,60.0,0.005886,1775654883634,-8.3333,0.0,60.0,61.73,2260.23,index_price,2260.23,ETH,ETH,846.5,0.00575,2400.0,1775980800000,call,0.0005000000000000004,0.08695652173913052,1.0618388394101486,0.0,12.9963225,False
0.2865,0.2865,0.2865,ETH-26JUN26-2800-P,0.276,0.284,6044.0,0.27977,1775654883634,0.0,0.0,1.0,64.59,2260.23,ETH-26JUN26,2260.23,ETH,ETH,642.86,0.28,2800.0,1782460800000,put,0.007999999999999952,0.028571428571428397,1.23881197931184,539.77,632.8644,False
,,0.2395,ETH-25DEC26-2100-C,0.26,0.264,686.0,0.261836,1775654883634,,0.0,0.0,66.95,2260.23,ETH-25DEC26,2260.23,ETH,ETH,0.0,0.262,2100.0,1798185600000,call,0.0040000000000000036,0.015267175572519097,0.9291089844838799,160.23000000000002,592.18026,False
,,,ETH-12APR26-2275-P,0.0265,0.028,0.0,0.027338,1775654883634,,0.0,0.0,59.09,2260.23,index_price,2260.23,ETH,ETH,0.0,0.02725,2275.0,1775980800000,put,0.0015000000000000013,0.05504587155963308,1.00653473319087,14.769999999999982,61.5912675,False
0.076,0.062,0.074,ETH-25SEP26-3100-C,0.075,0.0765,874.0,0.076004,1775654883634,19.3548,0.0,146.0,65.41,2260.23,ETH-25SEP26,2260.23,ETH,ETH,24501.76,0.07575,3100.0,1790323200000,call,0.0015000000000000013,0.01980198019801982,1.3715418342381085,0.0,171.2124225,False
0.0725,0.05,0.05,ETH-25SEP26-1600-P,0.05,0.0515,1802.0,0.050978,1775654883634,-31.0345,0.0,59.0,69.86,2260.23,ETH-25SEP26,2260.23,ETH,ETH,7768.21,0.05075,1600.0,1790323200000,put,0.0014999999999999944,0.029556650246305306,0.7078925596067657,0.0,114.70667250000001,False
0.045,0.0375,0.0375,ETH-17APR26-2250-P,0.0365,0.0375,475.0,0.036814,1775654883634,-12.7907,0.0,526.0,63.91,2260.23,ETH-17APR26,2260.23,ETH,ETH,49768.38,0.037,2250.0,1776412800000,put,0.0010000000000000009,0.027027027027027053,0.9954739119470143,0.0,83.62850999999999,False
,,0.0965,ETH-25DEC26-3300-C,0.103,0.1045,391.0,0.103875,1775654883634,,0.0,0.0,66.05,2260.23,ETH-25DEC26,2260.23,ETH,ETH,0.0,0.10375,3300.0,1798185600000,call,0.0015000000000000013,0.014457831325301219,1.4600284041889542,0.0,234.4988625,False
0.11,0.092,0.092,ETH-26JUN26-2100-P,0.0825,0.084,1275.0,0.083036,1775654883634,-16.3636,0.0,9.0,65.96,2260.23,ETH-26JUN26,2260.23,ETH,ETH,2075.24,0.08325,2100.0,1782460800000,put,0.0015000000000000013,0.018018018018018032,0.9291089844838799,0.0,188.1641475,False
0.0155,0.0115,0.014,ETH-10APR26-2275-C,0.014,0.015,41.0,0.014518,1775654883634,-6.6667,0.0,64.0,63.15,2260.23,ETH-10APR26,2260.23,ETH,ETH,1965.34,0.014499999999999999,2275.0,1775808000000,call,0.0009999999999999992,0.06896551724137925,1.00653473319087,0.0,32.773334999999996,False
0.01,0.01,0.01,ETH-12APR26-2350-C,0.0095,0.0105,2.0,0.00996,1775654883634,0.0,0.0,2.0,60.19,2260.23,index_price,2260.23,ETH,ETH,45.21,0.01,2350.0,1775980800000,call,0.0010000000000000009,0.10000000000000009,1.039717196922437,0.0,22.6023,False
,,0.497,ETH-25DEC26-1200-C,0.5125,0.5155,290.0,0.514278,1775654883634,,0.0,0.0,73.8,2260.23,ETH-25DEC26,2260.23,ETH,ETH,0.0,0.514,1200.0,1798185600000,call,0.0030000000000000027,0.005836575875486387,0.5309194197050743,1060.23,1161.75822,False
,,,ETH-26MAR27-2500-P,0.2985,0.304,0.0,0.302424,1775654883634,,0.0,0.0,66.85,2260.23,ETH-26MAR27,2260.23,ETH,ETH,0.0,0.30125,2500.0,1806048000000,put,0.005500000000000005,0.018257261410788397,1.1060821243855714,239.76999999999998,680.8942875,False
0.038,0.0345,0.0345,ETH-25DEC26-1200-P,0.032,0.0335,1761.0,0.032752,1775654883634,-9.2105,0.0,10.0,73.8,2260.23,ETH-25DEC26,2260.23,ETH,ETH,786.03,0.03275,1200.0,1798185600000,put,0.0015000000000000013,0.045801526717557293,0.5309194197050743,0.0,74.0225325,False
0.0665,0.056,0.0625,ETH-29MAY26-2450-C,0.0635,0.0645,4554.0,0.064011,1775654883634,11.6071,0.0,47.0,64.21,2260.23,ETH-29MAY26,2260.23,ETH,ETH,6739.84,0.064,2450.0,1780041600000,call,0.0010000000000000009,0.015625000000000014,1.0839604818978599,0.0,144.65472,False
0.084,0.0635,0.0635,ETH-24APR26-2300-P,0.062,0.063,5337.0,0.062364,1775654883634,-24.4048,0.0,50.0,64.34,2260.23,ETH-24APR26,2260.23,ETH,ETH,8520.06,0.0625,2300.0,1777017600000,put,0.0010000000000000009,0.016000000000000014,1.0175955544347257,39.76999999999998,141.264375,False
0.2335,0.232,0.2335,ETH-29MAY26-1800-C,0.228,0.233,71.0,0.230105,1775654883634,0.6466,0.0,3.0,70.01,2260.23,ETH-29MAY26,2260.23,ETH,ETH,1580.79,0.2305,1800.0,1780041600000,call,0.0050000000000000044,0.021691973969631254,0.7963791295576114,460.23,520.983015,False
0.0535,0.038,0.038,ETH-26JUN26-1800-P,0.038,0.039,5353.0,0.038418,1775654883634,-28.3019,0.0,411.0,68.82,2260.23,ETH-26JUN26,2260.23,ETH,ETH,37462.96,0.0385,1800.0,1782460800000,put,0.0010000000000000009,0.025974025974025997,0.7963791295576114,0.0,87.018855,False
0.0022,0.0022,0.0022,ETH-12APR26-2050-P,0.0019,0.0023,1.0,0.002103,1775654883634,0.0,0.0,1.0,66.33,2260.23,index_price,2260.23,ETH,ETH,4.94,0.0021,2050.0,1775980800000,put,0.00039999999999999996,0.19047619047619047,0.9069873419961685,0.0,4.746483,False
0.0275,0.009,0.022,ETH-24APR26-2450-C,0.0235,0.024,6046.0,0.023785,1775654883634,131.5789,0.0,1057.0,64.5,2260.23,ETH-24APR26,2260.23,ETH,ETH,47925.44,0.02375,2450.0,1777017600000,call,0.0005000000000000004,0.021052631578947385,1.0839604818978599,0.0,53.680462500000004,False
,,0.0915,ETH-29MAY26-2050-P,0.053,0.0545,2985.0,0.053596,1775654883634,,0.0,0.0,66.49,2260.23,ETH-29MAY26,2260.23,ETH,ETH,0.0,0.05375,2050.0,1780041600000,put,0.0015000000000000013,0.02790697674418607,0.9069873419961685,0.0,121.4873625,False
0.1625,0.1625,0.1625,ETH-25DEC26-2700-C,0.162,0.164,1227.0,0.16342,1775654883634,0.0,0.0,82.0,65.98,2260.23,ETH-25DEC26,2260.23,ETH,ETH,29813.62,0.163,2700.0,1798185600000,call,0.0020000000000000018,0.01226993865030676,1.194568694336417,0.0,368.41749000000004,False
0.0335,0.0046,0.027,ETH-11APR26-2225-C,0.0295,0.0315,175.0,0.030647,1775654883634,486.9565,0.0,217.0,63.69,2260.23,index_price,2260.23,ETH,ETH,13038.56,0.0305,2225.0,1775894400000,call,0.0020000000000000018,0.06557377049180334,0.9844130907031585,35.23000000000002,68.937015,False
,,0.208,ETH-25SEP26-2000-C,0.238,0.241,3220.0,0.239994,1775654883634,,0.0,0.0,66.9,2260.23,ETH-25SEP26,2260.23,ETH,ETH,0.0,0.2395,2000.0,1790323200000,call,0.0030000000000000027,0.012526096033402934,0.8848656995084571,260.23,541.325085,False
0.0415,0.0175,0.0375,ETH-24APR26-2350-C,0.0365,0.0375,9681.0,0.037194,1775654883635,114.2857,0.0,1499.0,64.29,2260.23,ETH-24APR26,2260.23,ETH,ETH,95152.96,0.037,2350.0,1777017600000,call,0.0010000000000000009,0.027027027027027053,1.039717196922437,0.0,83.62850999999999,False
,,0.4955,ETH-25DEC26-2900-P,0.39,0.395,191.0,0.393219,1775654883635,,0.0,0.0,65.97,2260.23,ETH-25DEC26,2260.23,ETH,ETH,0.0,0.3925,2900.0,1798185600000,put,0.0050000000000000044,0.012738853503184724,1.2830552642872628,639.77,887.1402750000001,False
0.0235,0.013,0.0215,ETH-29MAY26-2900-C,0.021,0.022,949.0,0.021721,1775654883635,59.2593,0.0,336.0,64.62,2260.23,ETH-29MAY26,2260.23,ETH,ETH,16159.83,0.0215,2900.0,1780041600000,call,0.0009999999999999974,0.046511627906976626,1.2830552642872628,0.0,48.594944999999996,False
0.2255,0.2255,0.2255,ETH-25DEC26-2300-P,0.216,0.219,373.0,0.217498,1775654883635,0.0,0.0,1.0,66.5,2260.23,ETH-25DEC26,2260.23,ETH,ETH,506.64,0.2175,2300.0,1798185600000,put,0.0030000000000000027,0.013793103448275874,1.0175955544347257,39.76999999999998,491.600025,False
0.176,0.1755,0.176,ETH-25DEC26-2100-P,0.168,0.17,692.0,0.16916,1775654883635,0.2849,0.0,252.0,66.95,2260.23,ETH-25DEC26,2260.23,ETH,ETH,99110.12,0.169,2100.0,1798185600000,put,0.0020000000000000018,0.011834319526627229,0.9291089844838799,0.0,381.97887000000003,False
0.0021,0.0017,0.0021,ETH-12APR26-2500-C,0.002,0.0023,42.0,0.002183,1775654883635,23.5294,0.0,42.0,66.82,2260.23,index_price,2260.23,ETH,ETH,198.35,0.00215,2500.0,1775980800000,call,0.0002999999999999999,0.1395348837209302,1.1060821243855714,0.0,4.8594945,False
0.025,0.008,0.0085,ETH-24APR26-1900-P,0.008,0.0085,5959.0,0.008382,1775654883635,-66.0,0.0,1333.0,72.46,2260.23,ETH-24APR26,2260.23,ETH,ETH,34018.18,0.00825,1900.0,1777017600000,put,0.0005000000000000004,0.060606060606060656,0.8406224145330342,0.0,18.6468975,False
0.2819,0.2525,0.2809,ETH-26MAR27-2200-C,0.2795,0.2855,949.0,0.281551,1775654883635,11.2475,0.0,405.0,67.29,2260.23,ETH-26MAR27,2260.23,ETH,ETH,241014.73,0.2825,2200.0,1806048000000,call,0.00599999999999995,0.021238938053097168,0.9733522694593028,60.23000000000002,638.5149749999999,False
0.105,0.105,0.105,ETH-25DEC26-3100-C,0.1195,0.121,265.0,0.120636,1775654883635,0.0,0.0,4.0,66.02,2260.23,ETH-25DEC26,2260.23,ETH,ETH,876.76,0.12025,3100.0,1798185600000,call,0.0015000000000000013,0.012474012474012485,1.3715418342381085,0.0,271.7926575,False
,,,ETH-26MAR27-1600-C,0.412,0.419,0.0,0.414409,1775654883635,,0.0,0.0,69.43,2260.23,ETH-26MAR27,2260.23,ETH,ETH,0.0,0.4155,1600.0,1806048000000,call,0.007000000000000006,0.016847172081829138,0.7078925596067657,660.23,939.1255649999999,False
,,0.098,ETH-25DEC26-3200-C,0.111,0.1125,66791.0,0.111917,1775654883635,,0.0,0.0,66.03,2260.23,ETH-25DEC26,2260.23,ETH,ETH,0.0,0.11175,3200.0,1798185600000,call,0.0015000000000000013,0.01342281879194632,1.4157851192135313,0.0,252.5807025,False
,,0.2605,ETH-26JUN26-2600-P,0.208,0.2155,18357.0,0.212454,1775654883635,,0.0,0.0,64.58,2260.23,ETH-26JUN26,2260.23,ETH,ETH,0.0,0.21175,2600.0,1782460800000,put,0.007500000000000007,0.03541912632821727,1.1503254093609943,339.77,478.6037025,False
,,,ETH-11APR26-2300-P,0.031,0.034,0.0,0.03217,1775654883635,,0.0,0.0,63.56,2260.23,index_price,2260.23,ETH,ETH,0.0,0.0325,2300.0,1775894400000,put,0.0030000000000000027,0.09230769230769238,1.0175955544347257,39.76999999999998,73.457475,False
0.396,0.388,0.396,ETH-26JUN26-1400-C,0.3935,0.396,50.0,0.394862,1775654883635,2.0619,0.0,29.0,76.44,2260.23,ETH-26JUN26,2260.23,ETH,ETH,25560.7,0.39475000000000005,1400.0,1782460800000,call,0.0025000000000000022,0.006333122229259029,0.61940598965592,860.23,892.2257925000001,False
0.0605,0.0355,0.056,ETH-29MAY26-2500-C,0.056,0.0575,19687.0,0.057103,1775654883637,51.3514,0.0,816.0,64.21,2260.23,ETH-29MAY26,2260.23,ETH,ETH,79351.88,0.05675,2500.0,1780041600000,call,0.0015000000000000013,0.02643171806167403,1.1060821243855714,0.0,128.2680525,False
0.017,0.011,0.017,ETH-29MAY26-3000-C,0.0165,0.0175,5527.0,0.017138,1775654883637,54.5455,0.0,40.0,65.08,2260.23,ETH-29MAY26,2260.23,ETH,ETH,1190.54,0.017,3000.0,1780041600000,call,0.0010000000000000009,0.058823529411764754,1.3272985492626856,0.0,38.42391000000001,False
,,0.4385,ETH-25SEP26-2800-P,0.3235,0.3285,1252.0,0.325831,1775654883637,,0.0,0.0,65.38,2260.23,ETH-25SEP26,2260.23,ETH,ETH,0.0,0.326,2800.0,1790323200000,put,0.0050000000000000044,0.01533742331288345,1.23881197931184,539.77,736.8349800000001,False
0.0115,0.0029,0.0029,ETH-9APR26-2200-P,0.0025,0.0028,1206.0,0.002669,1775654883637,-74.7826,0.0,1249.0,62.65,2260.23,index_price,2260.23,ETH,ETH,11165.25,0.00265,2200.0,1775721600000,put,0.0002999999999999999,0.1132075471698113,0.9733522694593028,0.0,5.9896095,False
0.092,0.023,0.092,ETH-9APR26-2050-C,0.0845,0.1,127.0,0.093124,1775654883637,300.0,0.0,81.0,91.1,2260.23,index_price,2260.23,ETH,ETH,6509.74,0.09225,2050.0,1775721600000,call,0.0155,0.16802168021680217,0.9069873419961685,210.23000000000002,208.5062175,True
,,,ETH-9APR26-1900-C,0.1425,0.1785,0.0,0.15937,1775654883637,,0.0,0.0,121.49,2260.23,index_price,2260.23,ETH,ETH,0.0,0.16049999999999998,1900.0,1775721600000,call,0.036000000000000004,0.2242990654205608,0.8406224145330342,360.23,362.7669149999999,False
0.022,0.007,0.018,ETH-24APR26-2500-C,0.0185,0.019,25958.0,0.018846,1775654883637,140.0,0.0,4024.0,64.76,2260.23,ETH-24APR26,2260.23,ETH,ETH,160621.62,0.01875,2500.0,1777017600000,call,0.0005000000000000004,0.026666666666666693,1.1060821243855714,0.0,42.3793125,False
,,0.458,ETH-24APR26-3000-P,0.318,0.361,42.0,0.327872,1775654883637,,0.0,0.0,72.72,2260.23,ETH-24APR26,2260.23,ETH,ETH,0.0,0.3395,3000.0,1777017600000,put,0.04299999999999998,0.12665684830633278,1.3272985492626856,739.77,767.3480850000001,False
0.068,0.0625,0.0625,ETH-25SEP26-1700-P,0.0625,0.064,592.0,0.06335,1775654883637,-8.0882,0.0,226.0,68.87,2260.23,ETH-25SEP26,2260.23,ETH,ETH,32689.26,0.06325,1700.0,1790323200000,put,0.0015000000000000013,0.023715415019762865,0.7521358445821885,0.0,142.9595475,False
,,0.304,ETH-26MAR27-2000-C,0.318,0.325,3.0,0.320301,1775654883637,,0.0,0.0,67.79,2260.23,ETH-26MAR27,2260.23,ETH,ETH,0.0,0.3215,2000.0,1806048000000,call,0.007000000000000006,0.021772939346811838,0.8848656995084571,260.23,726.663945,False
,,0.3565,ETH-24APR26-2900-P,0.276,0.317,19.0,0.284746,1775654883637,,0.0,0.0,70.87,2260.23,ETH-24APR26,2260.23,ETH,ETH,0.0,0.2965,2900.0,1777017600000,put,0.04099999999999998,0.1382799325463743,1.2830552642872628,639.77,670.158195,False
0.042,0.003,0.0031,ETH-10APR26-2150-P,0.0028,0.0032,1708.0,0.003025,1775654883637,-92.619,0.0,293.0,65.08,2260.23,ETH-10APR26,2260.23,ETH,ETH,10094.63,0.003,2150.0,1775808000000,put,0.0004000000000000002,0.1333333333333334,0.9512306269715913,0.0,6.78069,False
0.1145,0.0965,0.1115,ETH-26JUN26-2300-C,0.114,0.1155,6121.0,0.114761,1775654883637,15.544,0.0,279.0,64.99,2260.23,ETH-26JUN26,2260.23,ETH,ETH,67216.05,0.11475,2300.0,1782460800000,call,0.0015000000000000013,0.013071895424836612,1.0175955544347257,0.0,259.3613925,False
0.1135,0.0613,0.1105,ETH-24APR26-2050-C,0.1105,0.114,22747.0,0.113152,1775654883637,78.8026,0.0,755.0,67.77,2260.23,ETH-24APR26,2260.23,ETH,ETH,96826.79,0.11225,2050.0,1777017600000,call,0.003500000000000003,0.031180400890868622,0.9069873419961685,210.23000000000002,253.71081750000002,False
0.069,0.0305,0.0305,ETH-24APR26-2150-P,0.0315,0.0325,6003.0,0.031907,1775654883637,-55.7971,0.0,518.0,65.81,2260.23,ETH-24APR26,2260.23,ETH,ETH,44555.24,0.032,2150.0,1777017600000,put,0.0010000000000000009,0.03125000000000003,0.9512306269715913,0.0,72.32736,False
,,0.32,ETH-25SEP26-1700-C,0.3195,0.3225,314.0,0.321633,1775654883637,,0.0,0.0,68.87,2260.23,ETH-25SEP26,2260.23,ETH,ETH,0.0,0.321,1700.0,1790323200000,call,0.0030000000000000027,0.009345794392523372,0.7521358445821885,560.23,725.53383,False
0.075,0.0705,0.0705,ETH-26MAR27-1400-P,0.0685,0.071,410.0,0.0696,1775654883637,-6.0,0.0,8.0,70.76,2260.23,ETH-26MAR27,2260.23,ETH,ETH,1308.57,0.06975,1400.0,1806048000000,put,0.0024999999999999883,0.03584229390680987,0.61940598965592,0.0,157.65104250000002,False
,,0.1665,ETH-26MAR27-1800-P,0.133,0.1365,36.0,0.134672,1775654883637,,0.0,0.0,68.47,2260.23,ETH-26MAR27,2260.23,ETH,ETH,0.0,0.13475,1800.0,1806048000000,put,0.003500000000000003,0.025974025974025997,0.7963791295576114,0.0,304.56599250000005,False
,,0.179,ETH-25SEP26-2200-C,0.194,0.1965,1804.0,0.195736,1775654883637,,0.0,0.0,66.18,2260.23,ETH-25SEP26,2260.23,ETH,ETH,0.0,0.19525,2200.0,1790323200000,call,0.0025000000000000022,0.012804097311139576,0.9733522694593028,60.23000000000002,441.3099075,False
,,0.0835,ETH-25SEP26-2900-C,0.093,0.0945,255.0,0.093783,1775654883638,,0.0,0.0,65.38,2260.23,ETH-25SEP26,2260.23,ETH,ETH,0.0,0.09375,2900.0,1790323200000,call,0.0015000000000000013,0.016000000000000014,1.2830552642872628,0.0,211.89656250000002,False
,,,ETH-26MAR27-1900-C,0.3395,0.346,0.0,0.341621,1775654883638,,0.0,0.0,68.09,2260.23,ETH-26MAR27,2260.23,ETH,ETH,0.0,0.34275,1900.0,1806048000000,call,0.00649999999999995,0.018964259664478338,0.8406224145330342,360.23,774.6938325,False
0.132,0.129,0.132,ETH-25SEP26-1900-P,0.093,0.095,1985.0,0.094148,1775654883638,2.3256,0.0,64.0,67.43,2260.23,ETH-25SEP26,2260.23,ETH,ETH,17233.87,0.094,1900.0,1790323200000,put,0.0020000000000000018,0.02127659574468087,0.8406224145330342,0.0,212.46162,False
,,0.413,ETH-29MAY26-2800-P,0.2485,0.287,1.0,0.262584,1775654883638,,0.0,0.0,64.39,2260.23,ETH-29MAY26,2260.23,ETH,ETH,0.0,0.26775,2800.0,1780041600000,put,0.03849999999999998,0.14379084967320255,1.23881197931184,539.77,605.1765825,False
,,0.5335,ETH-24APR26-3300-P,0.449,0.492,3.0,0.459075,1775654883638,,0.0,0.0,78.92,2260.23,ETH-24APR26,2260.23,ETH,ETH,0.0,0.47050000000000003,3300.0,1777017600000,put,0.04299999999999998,0.09139213602550474,1.4600284041889542,1039.77,1063.4382150000001,False
,,,ETH-12APR26-2300-P,0.033,0.035,0.0,0.033956,1775654883638,,0.0,0.0,59.34,2260.23,index_price,2260.23,ETH,ETH,0.0,0.034,2300.0,1775980800000,put,0.0020000000000000018,0.058823529411764754,1.0175955544347257,39.76999999999998,76.84782000000001,False
0.186,0.1845,0.186,ETH-26MAR27-1900-P,0.153,0.1565,48.0,0.154682,1775654883638,0.813,0.0,5.0,68.09,2260.23,ETH-26MAR27,2260.23,ETH,ETH,1957.2,0.15475,1900.0,1806048000000,put,0.003500000000000003,0.022617124394184188,0.8406224145330342,0.0,349.7705925,False
0.332,0.332,0.332,ETH-24APR26-1500-C,0.3365,0.339,481.0,0.338038,1775654883638,0.0,0.0,18.0,92.76,2260.23,ETH-24APR26,2260.23,ETH,ETH,13342.38,0.33775,1500.0,1777017600000,call,0.0025000000000000022,0.007401924500370103,0.6636492746313428,760.23,763.3926825,False
0.0485,0.0325,0.0465,ETH-26JUN26-2800-C,0.047,0.048,13719.0,0.047626,1775654883638,43.0769,0.0,1359.0,64.59,2260.23,ETH-26JUN26,2260.23,ETH,ETH,143942.85,0.0475,2800.0,1782460800000,call,0.0010000000000000009,0.021052631578947385,1.23881197931184,0.0,107.36092500000001,False
0.005,0.005,0.005,ETH-12APR26-2425-C,0.0043,0.0047,1.0,0.004547,1775654883638,0.0,0.0,1.0,62.81,2260.23,index_price,2260.23,ETH,ETH,11.28,0.0045000000000000005,2425.0,1775980800000,call,0.0004000000000000002,0.08888888888888892,1.0728996606540042,0.0,10.171035000000002,False
0.0635,0.0136,0.0635,ETH-9APR26-2100-C,0.0695,0.0725,639.0,0.071132,1775654883638,252.7778,0.0,547.0,78.31,2260.23,index_price,2260.23,ETH,ETH,18883.69,0.07100000000000001,2100.0,1775721600000,call,0.002999999999999989,0.0422535211267604,0.9291089844838799,160.23000000000002,160.47633000000002,False
0.0695,0.05,0.05,ETH-26JUN26-1900-P,0.05,0.051,4941.0,0.050553,1775654883638,-27.5362,0.0,75.0,67.63,2260.23,ETH-26JUN26,2260.23,ETH,ETH,8991.49,0.0505,1900.0,1782460800000,put,0.000999999999999994,0.01980198019801968,0.8406224145330342,0.0,114.141615,False
,,0.2085,ETH-10APR26-1600-C,0.2895,0.2955,18.0,0.2921,1775654883638,,0.0,0.0,157.72,2260.23,ETH-10APR26,2260.23,ETH,ETH,0.0,0.2925,1600.0,1775808000000,call,0.006000000000000005,0.020512820512820534,0.7078925596067657,660.23,661.117275,False
0.0145,0.0004,0.0049,ETH-9APR26-2300-C,0.0047,0.005,2386.0,0.004974,1775654883638,1125.0,0.0,9986.0,63.43,2260.23,index_price,2260.23,ETH,ETH,99404.56,0.00485,2300.0,1775721600000,call,0.0002999999999999999,0.061855670103092765,1.0175955544347257,0.0,10.962115500000001,False
,,0.39,ETH-25DEC26-2600-P,0.298,0.302,895.0,0.300078,1775654883638,,0.0,0.0,66.07,2260.23,ETH-25DEC26,2260.23,ETH,ETH,0.0,0.3,2600.0,1798185600000,put,0.0040000000000000036,0.013333333333333346,1.1503254093609943,339.77,678.069,False
,,0.1265,ETH-24APR26-2450-P,0.1055,0.109,32.0,0.1065,1775654883638,,0.0,0.0,64.5,2260.23,ETH-24APR26,2260.23,ETH,ETH,0.0,0.10725,2450.0,1777017600000,put,0.003500000000000003,0.03263403263403267,1.0839604818978599,189.76999999999998,242.4096675,False
0.2895,0.2895,0.2895,ETH-24APR26-1600-C,0.2925,0.2955,843.0,0.294506,1775654883638,0.0,0.0,18.0,86.83,2260.23,ETH-24APR26,2260.23,ETH,ETH,11678.68,0.294,1600.0,1777017600000,call,0.0030000000000000027,0.01020408163265307,0.7078925596067657,660.23,664.50762,False
,,0.136,ETH-24APR26-1800-C,0.2065,0.21,406.0,0.209361,1775654883638,,0.0,0.0,76.75,2260.23,ETH-24APR26,2260.23,ETH,ETH,0.0,0.20825,1800.0,1777017600000,call,0.003500000000000003,0.016806722689075647,0.7963791295576114,460.23,470.69289749999996,False
0.1045,0.0855,0.1045,ETH-25SEP26-2800-C,0.103,0.105,1845.0,0.10418,1775654883638,22.2222,0.0,5.0,65.38,2260.23,ETH-25SEP26,2260.23,ETH,ETH,946.31,0.104,2800.0,1790323200000,call,0.0020000000000000018,0.01923076923076925,1.23881197931184,0.0,235.06392,False
0.1415,0.12,0.139,ETH-25DEC26-2900-C,0.139,0.141,342.0,0.140248,1775654883638,15.8333,0.0,312.0,65.97,2260.23,ETH-25DEC26,2260.23,ETH,ETH,95319.13,0.14,2900.0,1798185600000,call,0.001999999999999974,0.0142857142857141,1.2830552642872628,0.0,316.4322,False
0.0028,0.0011,0.0018,ETH-24APR26-3000-C,0.0019,0.0023,8282.0,0.002099,1775654883638,63.6364,0.0,625.0,72.72,2260.23,ETH-24APR26,2260.23,ETH,ETH,3413.21,0.0021,3000.0,1777017600000,call,0.00039999999999999996,0.19047619047619047,1.3272985492626856,0.0,4.746483,False
0.135,0.106,0.106,ETH-26JUN26-2200-P,0.103,0.1045,10960.0,0.103511,1775654883638,-21.4815,0.0,62.0,65.38,2260.23,ETH-26JUN26,2260.23,ETH,ETH,15632.87,0.10375,2200.0,1782460800000,put,0.0015000000000000013,0.014457831325301219,0.9733522694593028,0.0,234.4988625,False
0.0225,0.0031,0.0031,ETH-11APR26-2100-P,0.0028,0.0032,261.0,0.002972,1775654883638,-85.9091,0.0,193.0,68.19,2260.23,index_price,2260.23,ETH,ETH,5075.38,0.003,2100.0,1775894400000,put,0.0004000000000000002,0.1333333333333334,0.9291089844838799,0.0,6.78069,False
,,0.448,ETH-26MAR27-2700-P,0.356,0.362,2.0,0.360509,1775654883638,,0.0,0.0,66.64,2260.23,ETH-26MAR27,2260.23,ETH,ETH,0.0,0.359,2700.0,1806048000000,put,0.006000000000000005,0.016713091922005586,1.194568694336417,439.77,811.42257,False
0.186,0.132,0.132,ETH-26JUN26-2300-P,0.126,0.128,1213.0,0.12688,1775654883638,-29.0323,0.0,168.0,64.99,2260.23,ETH-26JUN26,2260.23,ETH,ETH,59609.82,0.127,2300.0,1782460800000,put,0.0020000000000000018,0.015748031496063006,1.0175955544347257,39.76999999999998,287.04921,False
0.012,0.0105,0.011,ETH-29MAY26-3200-C,0.0105,0.0115,8721.0,0.010693,1775654883638,4.7619,0.0,286.0,66.02,2260.23,ETH-29MAY26,2260.23,ETH,ETH,7649.33,0.011,3200.0,1780041600000,call,0.0009999999999999992,0.09090909090909084,1.4157851192135313,0.0,24.86253,False
,,0.2575,ETH-25SEP26-1800-C,0.2905,0.293,460.0,0.292391,1775654883638,,0.0,0.0,68.08,2260.23,ETH-25SEP26,2260.23,ETH,ETH,0.0,0.29174999999999995,1800.0,1790323200000,call,0.0025000000000000022,0.008568980291345339,0.7963791295576114,460.23,659.4221024999999,False
0.16,0.1545,0.1545,ETH-17APR26-2600-P,0.149,0.1815,30.0,0.15436,1775654883638,-3.4375,0.0,34.0,68.04,2260.23,ETH-17APR26,2260.23,ETH,ETH,11911.69,0.16525,2600.0,1776412800000,put,0.0325,0.19667170953101362,1.1503254093609943,339.77,373.5030075,False
0.022,0.0013,0.016,ETH-9APR26-2225-C,0.0195,0.0215,258.0,0.020673,1775654883638,1130.7692,0.0,219.0,61.61,2260.23,index_price,2260.23,ETH,ETH,7577.7,0.020499999999999997,2225.0,1775721600000,call,0.0019999999999999983,0.09756097560975603,0.9844130907031585,35.23000000000002,46.334714999999996,False
0.0345,0.0115,0.0115,ETH-11APR26-2200-P,0.0105,0.0115,318.0,0.011161,1775654883638,-66.6667,0.0,318.0,64.05,2260.23,index_price,2260.23,ETH,ETH,16173.69,0.011,2200.0,1775894400000,put,0.0009999999999999992,0.09090909090909084,0.9733522694593028,0.0,24.86253,False
0.0945,0.0505,0.0945,ETH-24APR26-2100-C,0.0955,0.0975,9724.0,0.096786,1775654883638,87.1287,0.0,74.0,66.69,2260.23,ETH-24APR26,2260.23,ETH,ETH,9896.87,0.0965,2100.0,1777017600000,call,0.0020000000000000018,0.020725388601036288,0.9291089844838799,160.23000000000002,218.112195,False
0.3825,0.3825,0.3825,ETH-25DEC26-1500-C,0.4135,0.4165,628.0,0.415105,1775654883638,0.0,0.0,18.0,70.23,2260.23,ETH-25DEC26,2260.23,ETH,ETH,14361.35,0.415,1500.0,1798185600000,call,0.0030000000000000027,0.0072289156626506096,0.6636492746313428,760.23,937.99545,False
0.091,0.059,0.087,ETH-29MAY26-2300-C,0.0885,0.09,8384.0,0.089619,1775654883638,47.4576,0.0,3116.0,64.63,2260.23,ETH-29MAY26,2260.23,ETH,ETH,598010.97,0.08925,2300.0,1780041600000,call,0.0015000000000000013,0.016806722689075647,1.0175955544347257,0.0,201.7255275,False
0.094,0.0835,0.094,ETH-29MAY26-2200-C,0.1095,0.1115,10753.0,0.110958,1775654883638,12.5749,0.0,88.0,65.2,2260.23,ETH-29MAY26,2260.23,ETH,ETH,16285.25,0.1105,2200.0,1780041600000,call,0.0020000000000000018,0.018099547511312233,0.9733522694593028,60.23000000000002,249.755415,False
0.0075,0.0033,0.0033,ETH-17APR26-1900-P,0.003,0.0033,2115.0,0.003169,1775654883638,-56.0,0.0,194.0,75.26,2260.23,ETH-17APR26,2260.23,ETH,ETH,1749.98,0.00315,1900.0,1776412800000,put,0.0002999999999999999,0.0952380952380952,0.8406224145330342,0.0,7.1197245,False
0.1505,0.1505,0.1505,ETH-25DEC26-2800-C,0.15,0.152,3443.0,0.15132,1775654883638,0.0,0.0,52.0,65.96,2260.23,ETH-25DEC26,2260.23,ETH,ETH,17509.19,0.151,2800.0,1798185600000,call,0.0020000000000000018,0.013245033112582794,1.23881197931184,0.0,341.29473,False
0.136,0.065,0.136,ETH-10APR26-1950-C,0.135,0.1385,307.0,0.1374,1775654883638,109.2308,0.0,19.0,89.79,2260.23,ETH-10APR26,2260.23,ETH,ETH,2732.91,0.13675,1950.0,1775808000000,call,0.003500000000000003,0.025594149908592344,0.8627440570207456,310.23,309.0864525,True
0.107,0.098,0.098,ETH-29MAY26-2100-P,0.0615,0.0625,2714.0,0.061885,1775654883638,-8.4112,0.0,86.0,65.97,2260.23,ETH-29MAY26,2260.23,ETH,ETH,18571.41,0.062,2100.0,1780041600000,put,0.0010000000000000009,0.01612903225806453,0.9291089844838799,0.0,140.13426,False
0.0255,0.0021,0.0022,ETH-10APR26-2125-P,0.0018,0.002,477.0,0.001932,1775654883638,-91.2,0.0,250.0,66.64,2260.23,ETH-10APR26,2260.23,ETH,ETH,5539.3,0.0019,2125.0,1775808000000,put,0.0002000000000000001,0.10526315789473689,0.9401698057277357,0.0,4.294437,False
,,0.3015,ETH-29MAY26-1500-C,0.3445,0.3495,27.0,0.34644,1775654883638,,0.0,0.0,77.36,2260.23,ETH-29MAY26,2260.23,ETH,ETH,0.0,0.347,1500.0,1780041600000,call,0.0050000000000000044,0.014409221902017304,0.6636492746313428,760.23,784.29981,False
,,,ETH-26MAR27-3300-P,0.533,0.654,0.0,0.554623,1775654883638,,0.0,0.0,66.43,2260.23,ETH-26MAR27,2260.23,ETH,ETH,0.0,0.5935,3300.0,1806048000000,put,0.121,0.20387531592249367,1.4600284041889542,1039.77,1341.4465050000001,False
0.0251,0.01,0.01,ETH-11APR26-2175-P,0.0075,0.0085,181.0,0.008134,1775654883638,-60.1594,0.0,333.0,64.67,2260.23,index_price,2260.23,ETH,ETH,13810.76,0.008,2175.0,1775894400000,put,0.0010000000000000009,0.1250000000000001,0.9622914482154471,0.0,18.08184,False
0.0675,0.0405,0.0405,ETH-29MAY26-1950-P,0.039,0.04,3396.0,0.039404,1775654883638,-39.2804,0.0,56.0,67.63,2260.23,ETH-29MAY26,2260.23,ETH,ETH,5419.96,0.0395,1950.0,1780041600000,put,0.0010000000000000009,0.025316455696202556,0.8627440570207456,0.0,89.279085,False
0.019,0.0011,0.0011,ETH-10APR26-2075-P,0.0007,0.0009,225.0,0.00084,1775654883638,-94.2105,0.0,374.0,71.49,2260.23,ETH-10APR26,2260.23,ETH,ETH,7983.31,0.0007999999999999999,2075.0,1775808000000,put,0.00019999999999999998,0.25,0.9180481632400243,0.0,1.8081839999999998,False
0.082,0.075,0.08,ETH-29MAY26-2350-C,0.0795,0.081,7676.0,0.08031,1775654883638,6.6667,0.0,163.0,64.46,2260.23,ETH-29MAY26,2260.23,ETH,ETH,28358.88,0.08025,2350.0,1780041600000,call,0.0015000000000000013,0.018691588785046745,1.039717196922437,0.0,181.3834575,False
,,0.4055,ETH-25DEC26-1400-C,0.444,0.448,642.0,0.446557,1775654883639,,0.0,0.0,71.2,2260.23,ETH-25DEC26,2260.23,ETH,ETH,0.0,0.446,1400.0,1798185600000,call,0.0040000000000000036,0.00896860986547086,0.61940598965592,860.23,1008.06258,False
,,0.425,ETH-26MAR27-2600-P,0.3265,0.3325,250.0,0.330984,1775654883639,,0.0,0.0,66.73,2260.23,ETH-26MAR27,2260.23,ETH,ETH,0.0,0.3295,2600.0,1806048000000,put,0.006000000000000005,0.018209408194233702,1.1503254093609943,339.77,744.7457850000001,False
,,0.177,ETH-26MAR27-2800-C,0.191,0.194,6.0,0.192752,1775654883639,,0.0,0.0,66.57,2260.23,ETH-26MAR27,2260.23,ETH,ETH,0.0,0.1925,2800.0,1806048000000,call,0.0030000000000000027,0.015584415584415598,1.23881197931184,0.0,435.09427500000004,False
0.204,0.193,0.193,ETH-29MAY26-2600-P,0.1885,0.195,80.0,0.191769,1775654883639,-5.3922,0.0,20.0,64.22,2260.23,ETH-29MAY26,2260.23,ETH,ETH,9029.65,0.19175,2600.0,1780041600000,put,0.006500000000000006,0.03389830508474579,1.1503254093609943,339.77,433.3991025,False
0.0252,0.0046,0.005,ETH-11APR26-2125-P,0.004,0.0044,141.0,0.004175,1775654883639,-80.1587,0.0,292.0,66.73,2260.23,index_price,2260.23,ETH,ETH,11172.59,0.004200000000000001,2125.0,1775894400000,put,0.0004000000000000002,0.09523809523809527,0.9401698057277357,0.0,9.492966000000001,False
0.0195,0.0065,0.0065,ETH-11APR26-2150-P,0.0055,0.006,93.0,0.005866,1775654883639,-66.6667,0.0,50.0,65.63,2260.23,index_price,2260.23,ETH,ETH,1202.54,0.00575,2150.0,1775894400000,put,0.0005000000000000004,0.08695652173913052,0.9512306269715913,0.0,12.9963225,False
,,,ETH-25DEC26-3300-P,0.5255,0.5395,0.0,0.529669,1775654883639,,0.0,0.0,66.05,2260.23,ETH-25DEC26,2260.23,ETH,ETH,0.0,0.5325,3300.0,1798185600000,put,0.014000000000000012,0.0262910798122066,1.4600284041889542,1039.77,1203.572475,False
,,,ETH-11APR26-1800-C,0.1865,0.221,0.0,0.203797,1775654883639,,0.0,0.0,104.18,2260.23,index_price,2260.23,ETH,ETH,0.0,0.20375,1800.0,1775894400000,call,0.0345,0.16932515337423315,0.7963791295576114,460.23,460.5218625,False
0.0665,0.0665,0.0665,ETH-25SEP26-3200-C,0.0675,0.069,6174.0,0.068454,1775654883639,0.0,0.0,4.0,65.44,2260.23,ETH-25SEP26,2260.23,ETH,ETH,598.91,0.06825,3200.0,1790323200000,call,0.0015000000000000013,0.021978021978021997,1.4157851192135313,0.0,154.26069750000002,False
0.2827,0.254,0.2827,ETH-25DEC26-2000-C,0.281,0.2855,1712.0,0.283227,1775654883639,11.2116,0.0,121.0,67.28,2260.23,ETH-25DEC26,2260.23,ETH,ETH,65187.67,0.28325,2000.0,1798185600000,call,0.0044999999999999485,0.015887025595763278,0.8848656995084571,260.23,640.2101475000001,False
0.053,0.0055,0.045,ETH-9APR26-2150-C,0.047,0.051,708.0,0.049444,1775654883639,542.8571,0.0,505.0,67.71,2260.23,index_price,2260.23,ETH,ETH,13182.98,0.049,2150.0,1775721600000,call,0.003999999999999997,0.08163265306122441,0.9512306269715913,110.23000000000002,110.75127,False
0.0165,0.008,0.008,ETH-29MAY26-1500-P,0.0075,0.0085,3611.0,0.007953,1775654883639,-51.5152,0.0,92.0,77.36,2260.23,ETH-29MAY26,2260.23,ETH,ETH,2828.07,0.008,1500.0,1780041600000,put,0.0010000000000000009,0.1250000000000001,0.6636492746313428,0.0,18.08184,False
0.068,0.0675,0.0675,ETH-17APR26-2350-P,0.06,0.066,28.0,0.062621,1775654883639,-0.7353,0.0,28.0,63.8,2260.23,ETH-17APR26,2260.23,ETH,ETH,4264.36,0.063,2350.0,1776412800000,put,0.006000000000000005,0.09523809523809532,1.039717196922437,89.76999999999998,142.39449,False
0.1335,0.104,0.1335,ETH-26JUN26-2200-C,0.1345,0.1365,5327.0,0.135398,1775654883639,28.3654,0.0,123.0,65.38,2260.23,ETH-26JUN26,2260.23,ETH,ETH,26807.49,0.1355,2200.0,1782460800000,call,0.0020000000000000018,0.014760147601476026,0.9733522694593028,60.23000000000002,306.261165,False
,,0.294,ETH-25DEC26-1800-C,0.3295,0.3335,326.0,0.330755,1775654883639,,0.0,0.0,68.1,2260.23,ETH-25DEC26,2260.23,ETH,ETH,0.0,0.3315,1800.0,1798185600000,call,0.0040000000000000036,0.012066365007541489,0.7963791295576114,460.23,749.266245,False
,,,ETH-9APR26-1875-C,0.1665,0.172,0.0,0.170425,1775654883639,,0.0,0.0,124.82,2260.23,index_price,2260.23,ETH,ETH,0.0,0.16925,1875.0,1775721600000,call,0.005499999999999977,0.03249630723781375,0.8295615932891786,385.23,382.54392750000005,True
0.034,0.023,0.0325,ETH-26JUN26-3000-C,0.0325,0.0335,8716.0,0.032991,1775654883639,41.3043,0.0,1263.0,64.73,2260.23,ETH-26JUN26,2260.23,ETH,ETH,95073.5,0.033,3000.0,1782460800000,call,0.0010000000000000009,0.030303030303030328,1.3272985492626856,0.0,74.58759,False
0.02,0.0055,0.0065,ETH-24APR26-1850-P,0.006,0.0065,6427.0,0.006265,1775654883639,-67.5,0.0,2582.0,74.23,2260.23,ETH-24APR26,2260.23,ETH,ETH,44394.85,0.00625,1850.0,1777017600000,put,0.0004999999999999996,0.07999999999999993,0.8185007720453228,0.0,14.126437500000002,False
0.0036,0.0007,0.0011,ETH-9APR26-2375-C,0.0011,0.0013,338.0,0.001155,1775654883639,-69.4444,0.0,610.0,74.38,2260.23,index_price,2260.23,ETH,ETH,1908.78,0.0012000000000000001,2375.0,1775721600000,call,0.00019999999999999987,0.16666666666666655,1.050778018166293,0.0,2.712276,False
0.0495,0.013,0.0425,ETH-17APR26-2250-C,0.0415,0.0425,7468.0,0.042111,1775654883639,226.9231,0.0,1823.0,63.91,2260.23,ETH-17APR26,2260.23,ETH,ETH,133323.16,0.042,2250.0,1776412800000,call,0.0010000000000000009,0.02380952380952383,0.9954739119470143,10.230000000000018,94.92966000000001,False
0.0665,0.0645,0.0645,ETH-25DEC26-1500-P,0.0625,0.064,3697.0,0.063199,1775654883639,-2.2727,0.0,22.0,70.23,2260.23,ETH-25DEC26,2260.23,ETH,ETH,3253.52,0.06325,1500.0,1798185600000,put,0.0015000000000000013,0.023715415019762865,0.6636492746313428,0.0,142.9595475,False
0.1535,0.153,0.153,ETH-25DEC26-2000-P,0.1465,0.1485,4927.0,0.147344,1775654883639,-0.3257,0.0,65.0,67.28,2260.23,ETH-25DEC26,2260.23,ETH,ETH,22263.27,0.1475,2000.0,1798185600000,put,0.0020000000000000018,0.013559322033898319,0.8848656995084571,0.0,333.383925,False
,,,ETH-29MAY26-3200-P,0.4065,0.4555,0.0,0.42192,1775654883639,,0.0,0.0,66.02,2260.23,ETH-29MAY26,2260.23,ETH,ETH,0.0,0.431,3200.0,1780041600000,put,0.049000000000000044,0.11368909512761032,1.4157851192135313,939.77,974.15913,False
0.1973,0.1973,0.1973,ETH-10APR26-1800-C,0.2015,0.2045,406.0,0.203664,1775654883639,0.0,0.0,200.0,120.25,2260.23,ETH-10APR26,2260.23,ETH,ETH,88468.53,0.203,1800.0,1775808000000,call,0.002999999999999975,0.014778325123152585,0.7963791295576114,460.23,458.82669000000004,True
,,,ETH-17APR26-2400-P,0.0765,0.081,0.0,0.078444,1775654883639,,0.0,0.0,64.21,2260.23,ETH-17APR26,2260.23,ETH,ETH,0.0,0.07875,2400.0,1776412800000,put,0.004500000000000004,0.0571428571428572,1.0618388394101486,139.76999999999998,177.9931125,False
0.0285,0.0013,0.0013,ETH-10APR26-2100-P,0.0011,0.0013,4390.0,0.001239,1775654883639,-95.3571,0.0,509.0,68.59,2260.23,ETH-10APR26,2260.23,ETH,ETH,9090.9,0.0012000000000000001,2100.0,1775808000000,put,0.00019999999999999987,0.16666666666666655,0.9291089844838799,0.0,2.712276,False
0.3075,0.3075,0.3075,ETH-29MAY26-1600-C,0.3035,0.307,2577.0,0.305971,1775654883639,0.0,0.0,18.0,74.46,2260.23,ETH-29MAY26,2260.23,ETH,ETH,12486.74,0.30525,1600.0,1780041600000,call,0.003500000000000003,0.011466011466011476,0.7078925596067657,660.23,689.9352075,False
,,,ETH-9APR26-2300-P,0.021,0.0235,0.0,0.022595,1775654883639,,0.0,0.0,63.43,2260.23,index_price,2260.23,ETH,ETH,0.0,0.02225,2300.0,1775721600000,put,0.0024999999999999988,0.11235955056179771,1.0175955544347257,39.76999999999998,50.2901175,False
0.0215,0.0185,0.02,ETH-12APR26-2275-C,0.0205,0.0215,218.0,0.021001,1775654883639,-6.9767,0.0,218.0,59.09,2260.23,index_price,2260.23,ETH,ETH,9921.23,0.020999999999999998,2275.0,1775980800000,call,0.0009999999999999974,0.0476190476190475,1.00653473319087,0.0,47.46482999999999,False
,,,ETH-25SEP26-1200-C,0.493,0.496,0.0,0.494944,1775654883639,,0.0,0.0,75.89,2260.23,ETH-25SEP26,2260.23,ETH,ETH,0.0,0.4945,1200.0,1790323200000,call,0.0030000000000000027,0.006066734074823059,0.5309194197050743,1060.23,1117.683735,False
0.107,0.065,0.0665,ETH-26JUN26-2000-P,0.065,0.066,18303.0,0.065374,1775654883639,-34.1584,0.0,162.0,66.69,2260.23,ETH-26JUN26,2260.23,ETH,ETH,31872.18,0.0655,2000.0,1782460800000,put,0.0010000000000000009,0.015267175572519097,0.8848656995084571,0.0,148.045065,False
0.054,0.029,0.029,ETH-29MAY26-1850-P,0.028,0.029,2470.0,0.028383,1775654883639,-44.7619,0.0,278.0,69.13,2260.23,ETH-29MAY26,2260.23,ETH,ETH,18452.47,0.0285,1850.0,1780041600000,put,0.0010000000000000009,0.03508771929824565,0.8185007720453228,0.0,64.416555,False
0.077,0.042,0.077,ETH-24APR26-2150-C,0.0805,0.0825,5987.0,0.081769,1775654883639,83.3333,0.0,74.0,65.81,2260.23,ETH-24APR26,2260.23,ETH,ETH,7248.81,0.0815,2150.0,1777017600000,call,0.0020000000000000018,0.02453987730061352,0.9512306269715913,110.23000000000002,184.20874500000002,False
0.016,0.0047,0.005,ETH-17APR26-1950-P,0.0044,0.0047,1270.0,0.004577,1775654883639,-68.75,0.0,107.0,72.64,2260.23,ETH-17APR26,2260.23,ETH,ETH,1721.16,0.00455,1950.0,1776412800000,put,0.0002999999999999999,0.06593406593406591,0.8627440570207456,0.0,10.2840465,False
0.1825,0.182,0.1825,ETH-25SEP26-2300-P,0.179,0.181,96.0,0.179768,1775654883640,0.2747,0.0,3.0,65.86,2260.23,ETH-25SEP26,2260.23,ETH,ETH,1230.04,0.18,2300.0,1790323200000,put,0.0020000000000000018,0.011111111111111122,1.0175955544347257,39.76999999999998,406.84139999999996,False
,,,ETH-11APR26-1900-C,0.141,0.1785,0.0,0.159683,1775654883640,,0.0,0.0,88.03,2260.23,index_price,2260.23,ETH,ETH,0.0,0.15975,1900.0,1775894400000,call,0.037500000000000006,0.23474178403755872,0.8406224145330342,360.23,361.0717425,False
0.36,0.36,0.36,ETH-25DEC26-2800-P,0.359,0.3625,2251.0,0.361085,1775654883640,0.0,0.0,4.0,65.96,2260.23,ETH-25DEC26,2260.23,ETH,ETH,3238.37,0.36075,2800.0,1798185600000,put,0.003500000000000003,0.00970200970200971,1.23881197931184,539.77,815.3779725,False
0.0835,0.0835,0.0835,ETH-25SEP26-3000-C,0.0835,0.085,13278.0,0.084438,1775654883640,0.0,0.0,6.0,65.4,2260.23,ETH-25SEP26,2260.23,ETH,ETH,1131.08,0.08425,3000.0,1790323200000,call,0.0015000000000000013,0.017804154302670638,1.3272985492626856,0.0,190.42437750000002,False
0.2235,0.2235,0.2235,ETH-24APR26-1750-C,0.2275,0.233,117.0,0.230231,1775654883640,0.0,0.0,50.0,78.83,2260.23,ETH-24APR26,2260.23,ETH,ETH,24999.93,0.23025,1750.0,1777017600000,call,0.005500000000000005,0.023887079261672117,0.7742574870698999,510.23,520.4179575,False
,,0.329,ETH-24APR26-2700-P,0.1975,0.204,811.0,0.200614,1775654883640,,0.0,0.0,67.06,2260.23,ETH-24APR26,2260.23,ETH,ETH,0.0,0.20074999999999998,2700.0,1777017600000,put,0.006499999999999978,0.0323785803237857,1.194568694336417,439.77,453.74117249999995,False
,,0.08,ETH-9APR26-2000-C,0.112,0.1345,98.0,0.115161,1775654883640,,0.0,0.0,99.36,2260.23,index_price,2260.23,ETH,ETH,0.0,0.12325,2000.0,1775721600000,call,0.022500000000000006,0.18255578093306293,0.8848656995084571,260.23,278.5733475,False
,,0.115,ETH-17APR26-1850-C,0.1815,0.1885,68.0,0.184297,1775654883640,,0.0,0.0,77.85,2260.23,ETH-17APR26,2260.23,ETH,ETH,0.0,0.185,1850.0,1776412800000,call,0.007000000000000006,0.037837837837837875,0.8185007720453228,410.23,418.14254999999997,False
0.019,0.0025,0.015,ETH-11APR26-2300-C,0.014,0.015,526.0,0.014597,1775654883640,500.0,0.0,434.0,63.56,2260.23,index_price,2260.23,ETH,ETH,12109.04,0.014499999999999999,2300.0,1775894400000,call,0.0009999999999999992,0.06896551724137925,1.0175955544347257,0.0,32.773334999999996,False
0.0085,0.0013,0.0017,ETH-9APR26-2175-P,0.0012,0.0014,980.0,0.001353,1775654883640,-80.0,0.0,975.0,64.66,2260.23,index_price,2260.23,ETH,ETH,5464.78,0.0013,2175.0,1775721600000,put,0.0002000000000000001,0.1538461538461539,0.9622914482154471,0.0,2.9382989999999998,False
,,0.3865,ETH-24APR26-1300-C,0.424,0.429,86.0,0.425932,1775654883640,,0.0,0.0,109.92,2260.23,ETH-24APR26,2260.23,ETH,ETH,0.0,0.4265,1300.0,1777017600000,call,0.0050000000000000044,0.011723329425556869,0.5751627046804971,960.23,963.9880949999999,False
0.1075,0.1065,0.1075,ETH-25SEP26-2600-C,0.127,0.1295,587.0,0.128556,1775654883640,0.939,0.0,5.0,65.43,2260.23,ETH-25SEP26,2260.23,ETH,ETH,1109.32,0.12825,2600.0,1790323200000,call,0.0025000000000000022,0.019493177387914246,1.1503254093609943,0.0,289.8744975,False
0.016,0.0115,0.0125,ETH-10APR26-2225-P,0.01,0.011,90.0,0.01068,1775654883640,-21.875,0.0,90.0,62.93,2260.23,ETH-10APR26,2260.23,ETH,ETH,2958.2,0.010499999999999999,2225.0,1775808000000,put,0.0009999999999999992,0.09523809523809516,0.9844130907031585,0.0,23.732414999999996,False
0.16,0.1569,0.16,ETH-17APR26-1900-C,0.1605,0.1675,217.0,0.163197,1775654883640,1.9758,0.0,250.0,75.26,2260.23,ETH-17APR26,2260.23,ETH,ETH,88353.17,0.164,1900.0,1776412800000,call,0.007000000000000006,0.04268292682926833,0.8406224145330342,360.23,370.67772,False
,,0.2535,ETH-25SEP26-1900-C,0.263,0.266,149.0,0.265171,1775654883640,,0.0,0.0,67.43,2260.23,ETH-25SEP26,2260.23,ETH,ETH,0.0,0.2645,1900.0,1790323200000,call,0.0030000000000000027,0.011342155009451805,0.8406224145330342,360.23,597.830835,False
,,0.213,ETH-25DEC26-2300-C,0.2225,0.225,503.0,0.223763,1775654883640,,0.0,0.0,66.5,2260.23,ETH-25DEC26,2260.23,ETH,ETH,0.0,0.22375,2300.0,1798185600000,call,0.0025000000000000022,0.011173184357541908,1.0175955544347257,0.0,505.7264625,False
,,0.0825,ETH-24APR26-2000-C,0.1285,0.1315,16819.0,0.130764,1775654883640,,0.0,0.0,69.17,2260.23,ETH-24APR26,2260.23,ETH,ETH,0.0,0.13,2000.0,1777017600000,call,0.0030000000000000027,0.023076923076923096,0.8848656995084571,260.23,293.8299,False
,,0.3295,ETH-26MAR27-1800-C,0.3625,0.3695,94.0,0.364404,1775654883640,,0.0,0.0,68.47,2260.23,ETH-26MAR27,2260.23,ETH,ETH,0.0,0.366,1800.0,1806048000000,call,0.007000000000000006,0.019125683060109307,0.7963791295576114,460.23,827.24418,False
0.041,0.038,0.038,ETH-26JUN26-2900-C,0.039,0.04,805.0,0.039631,1775654883640,-5.0,0.0,16.0,64.62,2260.23,ETH-26JUN26,2260.23,ETH,ETH,1400.78,0.0395,2900.0,1782460800000,call,0.0010000000000000009,0.025316455696202556,1.2830552642872628,0.0,89.279085,False
0.099,0.083,0.099,ETH-17APR26-2000-C,0.1195,0.1235,787.0,0.12242,1775654883640,19.2771,0.0,53.0,70.22,2260.23,ETH-17APR26,2260.23,ETH,ETH,9739.13,0.1215,2000.0,1776412800000,call,0.0040000000000000036,0.03292181069958851,0.8848656995084571,260.23,274.617945,False
0.007,0.0047,0.0065,ETH-11APR26-2375-C,0.006,0.0065,804.0,0.006337,1775654883640,-7.1429,0.0,804.0,65.92,2260.23,index_price,2260.23,ETH,ETH,11344.79,0.00625,2375.0,1775894400000,call,0.0004999999999999996,0.07999999999999993,1.050778018166293,0.0,14.126437500000002,False
0.06,0.008,0.052,ETH-10APR26-2150-C,0.0495,0.053,6018.0,0.051756,1775654883640,395.2381,0.0,1992.0,65.08,2260.23,ETH-10APR26,2260.23,ETH,ETH,84710.43,0.051250000000000004,2150.0,1775808000000,call,0.003499999999999996,0.06829268292682919,0.9512306269715913,110.23000000000002,115.83678750000001,False
0.143,0.1055,0.1055,ETH-29MAY26-2300-P,0.103,0.105,1051.0,0.103938,1775654883640,-26.2238,0.0,128.0,64.63,2260.23,ETH-29MAY26,2260.23,ETH,ETH,33142.92,0.104,2300.0,1780041600000,put,0.0020000000000000018,0.01923076923076925,1.0175955544347257,39.76999999999998,235.06392,False
0.0605,0.007,0.059,ETH-9APR26-2125-C,0.058,0.0615,573.0,0.060214,1775654883640,637.5,0.0,502.0,72.52,2260.23,index_price,2260.23,ETH,ETH,20995.45,0.05975,2125.0,1775721600000,call,0.003499999999999996,0.058577405857740523,0.9401698057277357,135.23000000000002,135.0487425,True
0.006,0.0055,0.006,ETH-12APR26-2125-P,0.005,0.0055,2.0,0.005302,1775654883640,9.0909,0.0,2.0,62.14,2260.23,index_price,2260.23,ETH,ETH,25.86,0.0052499999999999995,2125.0,1775980800000,put,0.0004999999999999996,0.09523809523809516,0.9401698057277357,0.0,11.866207499999998,False
0.12,0.12,0.12,ETH-26JUN26-2100-C,0.158,0.16,1490.0,0.158927,1775654883640,0.0,0.0,1.0,65.96,2260.23,ETH-26JUN26,2260.23,ETH,ETH,247.77,0.159,2100.0,1782460800000,call,0.0020000000000000018,0.012578616352201269,0.9291089844838799,160.23000000000002,359.37657,False
0.1635,0.1635,0.1635,ETH-24APR26-1900-C,0.1665,0.1695,2783.0,0.168726,1775654883640,0.0,0.0,18.0,72.46,2260.23,ETH-24APR26,2260.23,ETH,ETH,6616.84,0.168,1900.0,1777017600000,call,0.0030000000000000027,0.017857142857142873,0.8406224145330342,360.23,379.71864000000005,False
0.209,0.183,0.183,ETH-26MAR27-2000-P,0.1745,0.178,343.0,0.176154,1775654883640,-12.4402,0.0,8.0,67.79,2260.23,ETH-26MAR27,2260.23,ETH,ETH,3443.63,0.17625,2000.0,1806048000000,put,0.003500000000000003,0.019858156028368813,0.8848656995084571,0.0,398.36553749999996,False
0.0135,0.0045,0.012,ETH-24APR26-2600-C,0.0115,0.012,11570.0,0.011761,1775654883640,166.6667,0.0,1017.0,65.65,2260.23,ETH-24APR26,2260.23,ETH,ETH,19653.5,0.01175,2600.0,1777017600000,call,0.0005000000000000004,0.04255319148936174,1.1503254093609943,0.0,26.5577025,False
0.076,0.025,0.0675,ETH-17APR26-2150-C,0.067,0.07,1498.0,0.069012,1775654883640,170.0,0.0,254.0,65.38,2260.23,ETH-17APR26,2260.23,ETH,ETH,21165.09,0.0685,2150.0,1776412800000,call,0.0030000000000000027,0.04379562043795624,0.9512306269715913,110.23000000000002,154.82575500000002,False
0.1815,0.135,0.135,ETH-25SEP26-2100-P,0.132,0.1345,1153.0,0.133091,1775654883640,-25.6198,0.0,4.0,66.48,2260.23,ETH-25SEP26,2260.23,ETH,ETH,1293.65,0.13325,2100.0,1790323200000,put,0.0025000000000000022,0.018761726078799265,0.9291089844838799,0.0,301.1756475,False
0.0072,0.0014,0.0048,ETH-17APR26-2600-C,0.0048,0.005,7532.0,0.004925,1775654883640,242.8571,0.0,7122.0,68.04,2260.23,ETH-17APR26,2260.23,ETH,ETH,92442.76,0.0049,2600.0,1776412800000,call,0.00020000000000000052,0.04081632653061235,1.1503254093609943,0.0,11.075127,False
,,0.3485,ETH-25SEP26-2700-P,0.292,0.296,176.0,0.293703,1775654883640,,0.0,0.0,65.38,2260.23,ETH-25SEP26,2260.23,ETH,ETH,0.0,0.294,2700.0,1790323200000,put,0.0040000000000000036,0.013605442176870762,1.194568694336417,439.77,664.50762,False
0.0085,0.0015,0.0016,ETH-17APR26-1800-P,0.0014,0.0017,4643.0,0.001516,1775654883640,-81.1765,0.0,170.0,80.96,2260.23,ETH-17APR26,2260.23,ETH,ETH,987.39,0.00155,1800.0,1776412800000,put,0.0002999999999999999,0.19354838709677416,0.7963791295576114,0.0,3.5033564999999998,False
0.0255,0.0155,0.0165,ETH-11APR26-2225-P,0.0145,0.0155,1158.0,0.015038,1775654883640,-35.2941,0.0,1263.0,63.69,2260.23,index_price,2260.23,ETH,ETH,56456.52,0.015,2225.0,1775894400000,put,0.0009999999999999992,0.06666666666666661,0.9844130907031585,0.0,33.90345,False
,,0.2,ETH-26JUN26-1800-C,0.245,0.2475,743.0,0.246324,1775654883640,,0.0,0.0,68.82,2260.23,ETH-26JUN26,2260.23,ETH,ETH,0.0,0.24625,1800.0,1782460800000,call,0.0025000000000000022,0.0101522842639594,0.7963791295576114,460.23,556.5816374999999,False
0.0255,0.016,0.0179,ETH-11APR26-2275-C,0.0185,0.0195,993.0,0.019008,1775654883640,2.2857,0.0,1058.0,63.4,2260.23,index_price,2260.23,ETH,ETH,42941.92,0.019,2275.0,1775894400000,call,0.0010000000000000009,0.05263157894736847,1.00653473319087,0.0,42.94437,False
0.0395,0.009,0.0325,ETH-17APR26-2300-C,0.0315,0.0325,7910.0,0.031911,1775654883640,261.1111,0.0,2745.0,63.77,2260.23,ETH-17APR26,2260.23,ETH,ETH,171101.25,0.032,2300.0,1776412800000,call,0.0010000000000000009,0.03125000000000003,1.0175955544347257,0.0,72.32736,False
,,0.2145,ETH-26MAR27-2500-C,0.2305,0.234,178.0,0.232608,1775654883640,,0.0,0.0,66.85,2260.23,ETH-26MAR27,2260.23,ETH,ETH,0.0,0.23225,2500.0,1806048000000,call,0.003500000000000003,0.015069967707212069,1.1060821243855714,0.0,524.9384175,False
0.176,0.174,0.176,ETH-25SEP26-2300-C,0.175,0.1775,1567.0,0.176269,1775654883640,1.1494,0.0,162.0,65.86,2260.23,ETH-25SEP26,2260.23,ETH,ETH,63829.16,0.17625,2300.0,1790323200000,call,0.0025000000000000022,0.014184397163120581,1.0175955544347257,0.0,398.36553749999996,False
0.0845,0.0345,0.082,ETH-17APR26-2100-C,0.083,0.086,3615.0,0.085371,1775654883640,107.5949,0.0,244.0,66.65,2260.23,ETH-17APR26,2260.23,ETH,ETH,21108.49,0.08449999999999999,2100.0,1776412800000,call,0.002999999999999989,0.035502958579881526,0.9291089844838799,160.23000000000002,190.989435,False
,,0.045,ETH-25SEP26-1400-P,0.031,0.032,1130.0,0.031547,1775654883640,,0.0,0.0,72.33,2260.23,ETH-25SEP26,2260.23,ETH,ETH,0.0,0.0315,1400.0,1790323200000,put,0.0010000000000000009,0.03174603174603177,0.61940598965592,0.0,71.197245,False
0.1015,0.084,0.084,ETH-26MAR27-1500-P,0.0825,0.085,1226.0,0.083698,1775654883640,-17.2414,0.0,9.0,70.09,2260.23,ETH-26MAR27,2260.23,ETH,ETH,1849.05,0.08375,1500.0,1806048000000,put,0.0025000000000000022,0.02985074626865674,0.6636492746313428,0.0,189.2942625,False
,,0.3175,ETH-25SEP26-1600-C,0.351,0.3535,819.0,0.352892,1775654883640,,0.0,0.0,69.86,2260.23,ETH-25SEP26,2260.23,ETH,ETH,0.0,0.35224999999999995,1600.0,1790323200000,call,0.0025000000000000022,0.007097232079489007,0.7078925596067657,660.23,796.1660175,False
0.459,0.458,0.458,ETH-26MAR27-3000-P,0.4495,0.4555,63.0,0.454102,1775654883640,-0.2179,0.0,21.0,66.44,2260.23,ETH-26MAR27,2260.23,ETH,ETH,21703.66,0.4525,3000.0,1806048000000,put,0.006000000000000005,0.013259668508287303,1.3272985492626856,739.77,1022.7540750000001,False
0.0625,0.0405,0.043,ETH-24APR26-2200-P,0.04,0.041,7281.0,0.040507,1775654883640,-31.2,0.0,665.0,65.16,2260.23,ETH-24APR26,2260.23,ETH,ETH,69250.78,0.0405,2200.0,1777017600000,put,0.0010000000000000009,0.024691358024691377,0.9733522694593028,0.0,91.539315,False
0.0305,0.017,0.0175,ETH-29MAY26-1700-P,0.0165,0.017,4836.0,0.016708,1775654883640,-42.623,0.0,257.0,71.96,2260.23,ETH-29MAY26,2260.23,ETH,ETH,10242.04,0.01675,1700.0,1780041600000,put,0.0005000000000000004,0.02985074626865674,0.7521358445821885,0.0,37.858852500000005,False
,,0.433,ETH-26JUN26-2900-P,0.2905,0.3595,8.0,0.315781,1775654883640,,0.0,0.0,64.62,2260.23,ETH-26JUN26,2260.23,ETH,ETH,0.0,0.32499999999999996,2900.0,1782460800000,put,0.069,0.21230769230769236,1.2830552642872628,639.77,734.5747499999999,False
,,,ETH-12APR26-1900-C,0.141,0.178,0.0,0.159934,1775654883640,,0.0,0.0,78.81,2260.23,index_price,2260.23,ETH,ETH,0.0,0.15949999999999998,1900.0,1775980800000,call,0.037000000000000005,0.23197492163009412,0.8406224145330342,360.23,360.50668499999995,False
,,,ETH-26MAR27-1500-C,0.4395,0.4465,0.0,0.441808,1775654883640,,0.0,0.0,70.09,2260.23,ETH-26MAR27,2260.23,ETH,ETH,0.0,0.443,1500.0,1806048000000,call,0.007000000000000006,0.015801354401805884,0.6636492746313428,760.23,1001.28189,False
0.034,0.02,0.02,ETH-17APR26-2150-P,0.019,0.02,1177.0,0.019507,1775654883640,-41.1765,0.0,649.0,65.38,2260.23,ETH-17APR26,2260.23,ETH,ETH,45177.28,0.0195,2150.0,1776412800000,put,0.0010000000000000009,0.05128205128205133,0.9512306269715913,0.0,44.074485,False
0.013,0.0115,0.0115,ETH-12APR26-2325-C,0.0125,0.013,40.0,0.012881,1775654883640,-11.5385,0.0,40.0,59.64,2260.23,index_price,2260.23,ETH,ETH,1143.22,0.012750000000000001,2325.0,1775980800000,call,0.0004999999999999987,0.0392156862745097,1.0286563756785814,0.0,28.8179325,False
,,0.4175,ETH-25DEC26-2700-P,0.328,0.332,88.0,0.329979,1775654883640,,0.0,0.0,65.98,2260.23,ETH-25DEC26,2260.23,ETH,ETH,0.0,0.33,2700.0,1798185600000,put,0.0040000000000000036,0.012121212121212132,1.194568694336417,439.77,745.8759,False
0.368,0.368,0.368,ETH-26JUN26-3000-P,0.3495,0.3585,13310.0,0.353146,1775654883640,0.0,0.0,1.0,64.73,2260.23,ETH-26JUN26,2260.23,ETH,ETH,821.71,0.354,3000.0,1782460800000,put,0.009000000000000008,0.025423728813559344,1.3272985492626856,739.77,800.12142,False
0.061,0.0505,0.0505,ETH-17APR26-2300-P,0.048,0.0495,74.0,0.04872,1775654883640,-15.8333,0.0,74.0,63.77,2260.23,ETH-17APR26,2260.23,ETH,ETH,9977.51,0.04875,2300.0,1776412800000,put,0.0015000000000000013,0.030769230769230795,1.0175955544347257,39.76999999999998,110.18621250000001,False
0.039,0.032,0.039,ETH-10APR26-2300-P,0.027,0.0295,1178.0,0.02808,1775654883640,21.875,0.0,344.0,63.82,2260.23,ETH-10APR26,2260.23,ETH,ETH,30027.09,0.028249999999999997,2300.0,1775808000000,put,0.0024999999999999988,0.08849557522123891,1.0175955544347257,39.76999999999998,63.851497499999994,False
0.0125,0.0036,0.0036,ETH-24APR26-1750-P,0.0035,0.0038,17467.0,0.003599,1775654883640,-67.2727,0.0,338.0,78.83,2260.23,ETH-24APR26,2260.23,ETH,ETH,4670.22,0.00365,1750.0,1777017600000,put,0.0002999999999999999,0.08219178082191779,0.7742574870698999,0.0,8.2498395,False
,,,ETH-11APR26-2325-P,0.0375,0.043,0.0,0.039777,1775654883640,,0.0,0.0,64.2,2260.23,index_price,2260.23,ETH,ETH,0.0,0.040249999999999994,2325.0,1775894400000,put,0.005499999999999998,0.13664596273291924,1.0286563756785814,64.76999999999998,90.9742575,False
,,0.121,ETH-10APR26-1900-C,0.1565,0.164,107.0,0.159519,1775654883640,,0.0,0.0,103.41,2260.23,ETH-10APR26,2260.23,ETH,ETH,0.0,0.16025,1900.0,1775808000000,call,0.007500000000000007,0.04680187207488304,0.8406224145330342,360.23,362.2018575,False
0.0395,0.032,0.0375,ETH-29MAY26-2650-C,0.039,0.0405,2467.0,0.040024,1775654883640,17.1875,0.0,62.0,64.22,2260.23,ETH-29MAY26,2260.23,ETH,ETH,5298.8,0.03975,2650.0,1780041600000,call,0.0015000000000000013,0.03773584905660381,1.1724470518487056,0.0,89.8441425,False
,,,ETH-12APR26-2150-P,0.0065,0.0075,0.0,0.007134,1775654883640,,0.0,0.0,60.95,2260.23,index_price,2260.23,ETH,ETH,0.0,0.006999999999999999,2150.0,1775980800000,put,0.001,0.14285714285714288,0.9512306269715913,0.0,15.821609999999998,False
0.009,0.0021,0.0023,ETH-17APR26-1850-P,0.002,0.0023,1308.0,0.002165,1775654883640,-74.4444,0.0,25.0,77.85,2260.23,ETH-17APR26,2260.23,ETH,ETH,209.68,0.00215,1850.0,1776412800000,put,0.0002999999999999999,0.1395348837209302,0.8185007720453228,0.0,4.8594945,False
0.0615,0.0615,0.0615,ETH-25SEP26-3300-C,0.061,0.0625,17303.0,0.061696,1775654883640,0.0,0.0,4.0,65.49,2260.23,ETH-25SEP26,2260.23,ETH,ETH,554.3,0.06175,3300.0,1790323200000,call,0.0015000000000000013,0.024291497975708523,1.4600284041889542,0.0,139.5692025,False
0.0095,0.0026,0.0027,ETH-24APR26-1700-P,0.0026,0.0029,7010.0,0.002722,1775654883640,-71.5789,0.0,164.0,81.3,2260.23,ETH-24APR26,2260.23,ETH,ETH,1233.57,0.00275,1700.0,1777017600000,put,0.0002999999999999999,0.10909090909090907,0.7521358445821885,0.0,6.2156325,False
,,0.136,ETH-26MAR27-3300-C,0.141,0.144,4.0,0.142466,1775654883640,,0.0,0.0,66.43,2260.23,ETH-26MAR27,2260.23,ETH,ETH,0.0,0.1425,3300.0,1806048000000,call,0.0030000000000000027,0.02105263157894739,1.4600284041889542,0.0,322.08277499999997,False
0.08,0.046,0.046,ETH-29MAY26-2000-P,0.0455,0.047,6079.0,0.046144,1775654883640,-42.5,0.0,90.0,67.07,2260.23,ETH-29MAY26,2260.23,ETH,ETH,9922.35,0.04625,2000.0,1780041600000,put,0.0015000000000000013,0.03243243243243246,0.8848656995084571,0.0,104.53563749999999,False
,,0.532,ETH-26JUN26-3200-P,0.427,0.437,2420.0,0.431258,1775654883640,,0.0,0.0,65.23,2260.23,ETH-26JUN26,2260.23,ETH,ETH,0.0,0.432,3200.0,1782460800000,put,0.010000000000000009,0.023148148148148168,1.4157851192135313,939.77,976.41936,False
,,0.357,ETH-26JUN26-2700-P,0.239,0.248,119.0,0.245263,1775654883641,,0.0,0.0,64.58,2260.23,ETH-26JUN26,2260.23,ETH,ETH,0.0,0.2435,2700.0,1782460800000,put,0.009000000000000008,0.0369609856262834,1.194568694336417,439.77,550.366005,False
0.069,0.0335,0.0645,ETH-24APR26-2200-C,0.067,0.069,13791.0,0.068273,1775654883641,92.5373,0.0,1179.0,65.16,2260.23,ETH-24APR26,2260.23,ETH,ETH,114213.01,0.068,2200.0,1777017600000,call,0.0020000000000000018,0.029411764705882377,0.9733522694593028,60.23000000000002,153.69564000000003,False
,,0.1505,ETH-29MAY26-1900-C,0.1935,0.1985,184.0,0.195687,1775654883641,,0.0,0.0,68.41,2260.23,ETH-29MAY26,2260.23,ETH,ETH,0.0,0.196,1900.0,1780041600000,call,0.0050000000000000044,0.025510204081632674,0.8406224145330342,360.23,443.00508,False
0.135,0.135,0.135,ETH-17APR26-1950-C,0.14,0.1465,84.0,0.1425,1775654883641,0.0,0.0,1.0,72.64,2260.23,ETH-17APR26,2260.23,ETH,ETH,301.11,0.14325,1950.0,1776412800000,call,0.006499999999999978,0.04537521815008711,0.8627440570207456,310.23,323.7779475,False
0.114,0.114,0.114,ETH-25DEC26-1800-P,0.1075,0.1095,1940.0,0.108461,1775654883641,0.0,0.0,2.0,68.1,2260.23,ETH-25DEC26,2260.23,ETH,ETH,510.56,0.1085,1800.0,1798185600000,put,0.0020000000000000018,0.01843317972350232,0.7963791295576114,0.0,245.234955,False
0.21,0.154,0.154,ETH-25SEP26-2200-P,0.1545,0.157,4857.0,0.155605,1775654883641,-26.6667,0.0,202.0,66.18,2260.23,ETH-25SEP26,2260.23,ETH,ETH,71150.66,0.15575,2200.0,1790323200000,put,0.0025000000000000022,0.016051364365971123,0.9733522694593028,0.0,352.0308225,False
0.0014,0.0007,0.0011,ETH-24APR26-3200-C,0.0009,0.0011,7518.0,0.001032,1775654883641,57.1429,0.0,220.0,77.08,2260.23,ETH-24APR26,2260.23,ETH,ETH,398.03,0.001,3200.0,1777017600000,call,0.0002000000000000001,0.2000000000000001,1.4157851192135313,0.0,2.26023,False
,,0.725,ETH-25SEP26-3200-P,0.46,0.474,1389.0,0.464627,1775654883641,,0.0,0.0,65.44,2260.23,ETH-25SEP26,2260.23,ETH,ETH,0.0,0.46699999999999997,3200.0,1790323200000,put,0.013999999999999957,0.029978586723768647,1.4157851192135313,939.77,1055.52741,False
0.011,0.011,0.011,ETH-12APR26-2175-P,0.009,0.01,12.0,0.009627,1775654883641,0.0,0.0,12.0,60.23,2260.23,index_price,2260.23,ETH,ETH,296.74,0.0095,2175.0,1775980800000,put,0.0010000000000000009,0.10526315789473693,0.9622914482154471,0.0,21.472185,False
0.159,0.1523,0.159,ETH-26MAR27-3000-C,0.1685,0.172,240.0,0.170323,1775654883641,4.2623,0.0,191.0,66.44,2260.23,ETH-26MAR27,2260.23,ETH,ETH,60739.73,0.17025,3000.0,1806048000000,call,0.0034999999999999754,0.020558002936857417,1.3272985492626856,0.0,384.80415750000003,False
0.027,0.0195,0.0195,ETH-25SEP26-1200-P,0.018,0.019,10489.0,0.018508,1775654883641,-27.7778,0.0,8.0,75.89,2260.23,ETH-25SEP26,2260.23,ETH,ETH,396.47,0.0185,1200.0,1790323200000,put,0.0010000000000000009,0.054054054054054106,0.5309194197050743,0.0,41.814254999999996,False
,,,ETH-26MAR27-2900-P,0.4175,0.424,0.0,0.422001,1775654883641,,0.0,0.0,66.46,2260.23,ETH-26MAR27,2260.23,ETH,ETH,0.0,0.42074999999999996,2900.0,1806048000000,put,0.006500000000000006,0.015448603683897817,1.2830552642872628,639.77,950.9917724999999,False
,,0.155,ETH-25DEC26-1900-P,0.126,0.128,604.0,0.127134,1775654883641,,0.0,0.0,67.68,2260.23,ETH-25DEC26,2260.23,ETH,ETH,0.0,0.127,1900.0,1798185600000,put,0.0020000000000000018,0.015748031496063006,0.8406224145330342,0.0,287.04921,False
0.181,0.181,0.181,ETH-26JUN26-2000-C,0.1845,0.1865,56383.0,0.185271,1775654883641,0.0,0.0,5.0,66.69,2260.23,ETH-26JUN26,2260.23,ETH,ETH,2025.04,0.1855,2000.0,1782460800000,call,0.0020000000000000018,0.010781671159029659,0.8848656995084571,260.23,419.272665,False
,,0.4235,ETH-24APR26-1200-C,0.468,0.473,38.0,0.470059,1775654883641,,0.0,0.0,122.07,2260.23,ETH-24APR26,2260.23,ETH,ETH,0.0,0.47050000000000003,1200.0,1777017600000,call,0.004999999999999949,0.010626992561105098,0.5309194197050743,1060.23,1063.4382150000001,False
0.0765,0.019,0.073,ETH-11APR26-2100-C,0.0715,0.075,256.0,0.073883,1775654883641,210.6383,0.0,262.0,68.19,2260.23,index_price,2260.23,ETH,ETH,16310.21,0.07325,2100.0,1775894400000,call,0.003500000000000003,0.04778156996587035,0.9291089844838799,160.23000000000002,165.5618475,False
0.076,0.054,0.054,ETH-24APR26-2250-P,0.05,0.0515,5694.0,0.050571,1775654883641,-28.9474,0.0,48.0,64.57,2260.23,ETH-24APR26,2260.23,ETH,ETH,7414.13,0.05075,2250.0,1777017600000,put,0.0014999999999999944,0.029556650246305306,0.9954739119470143,0.0,114.70667250000001,False
0.0225,0.0135,0.015,ETH-9APR26-2275-P,0.0145,0.0155,70.0,0.014862,1775654883641,-28.5714,0.0,82.0,61.27,2260.23,index_price,2260.23,ETH,ETH,3261.63,0.015,2275.0,1775721600000,put,0.0009999999999999992,0.06666666666666661,1.00653473319087,14.769999999999982,33.90345,False
0.1985,0.1385,0.1985,ETH-17APR26-1800-C,0.203,0.21,43.0,0.205753,1775654883641,43.3213,0.0,100.0,80.96,2260.23,ETH-17APR26,2260.23,ETH,ETH,36539.31,0.20650000000000002,1800.0,1776412800000,call,0.0069999999999999785,0.03389830508474566,0.7963791295576114,460.23,466.737495,False
0.013,0.0011,0.0011,ETH-11APR26-2000-P,0.0007,0.0009,95.0,0.000816,1775654883641,-91.5385,0.0,104.0,76.46,2260.23,index_price,2260.23,ETH,ETH,1761.46,0.0007999999999999999,2000.0,1775894400000,put,0.00019999999999999998,0.25,0.8848656995084571,0.0,1.8081839999999998,False
,,0.1995,ETH-29MAY26-2650-P,0.188,0.214,5.0,0.208697,1775654883641,,0.0,0.0,64.22,2260.23,ETH-29MAY26,2260.23,ETH,ETH,0.0,0.201,2650.0,1780041600000,put,0.025999999999999995,0.12935323383084574,1.1724470518487056,389.77,454.30623,False
0.211,0.162,0.162,ETH-24APR26-2500-P,0.1225,0.1265,1646.0,0.123657,1775654883641,-23.2227,0.0,2.0,64.76,2260.23,ETH-24APR26,2260.23,ETH,ETH,790.37,0.1245,2500.0,1777017600000,put,0.0040000000000000036,0.03212851405622493,1.1060821243855714,239.76999999999998,281.398635,False
,,0.207,ETH-17APR26-1700-C,0.2465,0.2535,50.0,0.249232,1775654883641,,0.0,0.0,88.14,2260.23,ETH-17APR26,2260.23,ETH,ETH,0.0,0.25,1700.0,1776412800000,call,0.007000000000000006,0.028000000000000025,0.7521358445821885,560.23,565.0575,False
0.0075,0.0055,0.0055,ETH-29MAY26-1400-P,0.005,0.006,5905.0,0.005457,1775654883641,-26.6667,0.0,84.0,80.81,2260.23,ETH-29MAY26,2260.23,ETH,ETH,1225.7,0.0055,1400.0,1780041600000,put,0.001,0.18181818181818182,0.61940598965592,0.0,12.431265,False
0.022,0.0155,0.0155,ETH-26JUN26-1500-P,0.015,0.0155,14480.0,0.015181,1775654883641,-29.5455,0.0,648.0,73.9,2260.23,ETH-26JUN26,2260.23,ETH,ETH,24522.21,0.01525,1500.0,1782460800000,put,0.0005000000000000004,0.03278688524590167,0.6636492746313428,0.0,34.4685075,False
0.0165,0.0011,0.0011,ETH-11APR26-2025-P,0.001,0.0012,114.0,0.001088,1775654883641,-93.3333,0.0,26.0,73.79,2260.23,index_price,2260.23,ETH,ETH,630.4,0.0010999999999999998,2025.0,1775894400000,put,0.00019999999999999987,0.18181818181818174,0.8959265207523128,0.0,2.4862529999999996,False
0.159,0.159,0.159,ETH-26MAR27-3100-C,0.159,0.1615,69.0,0.160326,1775654883641,0.0,0.0,20.0,66.41,2260.23,ETH-26MAR27,2260.23,ETH,ETH,7108.89,0.16025,3100.0,1806048000000,call,0.0025000000000000022,0.015600624024961011,1.3715418342381085,0.0,362.2018575,False
,,0.3655,ETH-24APR26-2800-P,0.2395,0.2455,381.0,0.242164,1775654883641,,0.0,0.0,68.82,2260.23,ETH-24APR26,2260.23,ETH,ETH,0.0,0.2425,2800.0,1777017600000,put,0.006000000000000005,0.024742268041237137,1.23881197931184,539.77,548.105775,False
0.101,0.0775,0.101,ETH-29MAY26-2250-C,0.099,0.1005,6751.0,0.099771,1775654883641,29.4872,0.0,55.0,64.83,2260.23,ETH-29MAY26,2260.23,ETH,ETH,9398.45,0.09975,2250.0,1780041600000,call,0.0015000000000000013,0.015037593984962419,0.9954739119470143,10.230000000000018,225.4579425,False
0.08,0.018,0.07,ETH-10APR26-2100-C,0.07,0.073,5010.0,0.072093,1775654883641,268.4211,0.0,274.0,68.59,2260.23,ETH-10APR26,2260.23,ETH,ETH,21853.59,0.07150000000000001,2100.0,1775808000000,call,0.002999999999999989,0.04195804195804179,0.9291089844838799,160.23000000000002,161.606445,False
0.209,0.209,0.209,ETH-25SEP26-2400-P,0.2045,0.2075,2097.0,0.205865,1775654883641,0.0,0.0,43.0,65.67,2260.23,ETH-25SEP26,2260.23,ETH,ETH,20221.47,0.206,2400.0,1790323200000,put,0.0030000000000000027,0.01456310679611652,1.0618388394101486,139.76999999999998,465.60738,False
,,,ETH-25SEP26-2900-P,0.3565,0.362,0.0,0.359065,1775654883641,,0.0,0.0,65.38,2260.23,ETH-25SEP26,2260.23,ETH,ETH,0.0,0.35924999999999996,2900.0,1790323200000,put,0.005500000000000005,0.0153096729297147,1.2830552642872628,639.77,811.9876274999999,False
0.02,0.0012,0.01,ETH-10APR26-2300-C,0.01,0.011,11124.0,0.010444,1775654883641,669.2308,0.0,4539.0,63.82,2260.23,ETH-10APR26,2260.23,ETH,ETH,122225.13,0.010499999999999999,2300.0,1775808000000,call,0.0009999999999999992,0.09523809523809516,1.0175955544347257,0.0,23.732414999999996,False
,,0.0785,ETH-9APR26-1975-C,0.122,0.1455,50.0,0.126202,1775654883641,,0.0,0.0,103.18,2260.23,index_price,2260.23,ETH,ETH,0.0,0.13374999999999998,1975.0,1775721600000,call,0.023499999999999993,0.17570093457943922,0.8738048782646014,285.23,302.30576249999996,False
,,0.185,ETH-26MAR27-2700-C,0.203,0.2065,230.0,0.205107,1775654883641,,0.0,0.0,66.64,2260.23,ETH-26MAR27,2260.23,ETH,ETH,0.0,0.20475,2700.0,1806048000000,call,0.0034999999999999754,0.017094017094016974,1.194568694336417,0.0,462.7820925,False
,,0.49,ETH-25SEP26-3000-P,0.391,0.4,6409.0,0.39335,1775654883641,,0.0,0.0,65.4,2260.23,ETH-25SEP26,2260.23,ETH,ETH,0.0,0.3955,3000.0,1790323200000,put,0.009000000000000008,0.02275600505689003,1.3272985492626856,739.77,893.920965,False
0.1155,0.1145,0.1155,ETH-25SEP26-2700-C,0.1145,0.1165,936.0,0.115682,1775654883641,0.8734,0.0,18.0,65.38,2260.23,ETH-25SEP26,2260.23,ETH,ETH,4658.33,0.1155,2700.0,1790323200000,call,0.0020000000000000018,0.01731601731601733,1.194568694336417,0.0,261.05656500000003,False
0.022,0.0014,0.0015,ETH-11APR26-2050-P,0.0014,0.0016,198.0,0.001521,1775654883641,-93.1818,0.0,161.0,71.83,2260.23,index_price,2260.23,ETH,ETH,4288.65,0.0015,2050.0,1775894400000,put,0.0002000000000000001,0.1333333333333334,0.9069873419961685,0.0,3.390345,False
0.2416,0.2144,0.2416,ETH-25DEC26-2200-C,0.241,0.244,50832.0,0.241958,1775654883642,12.6866,0.0,300.0,66.66,2260.23,ETH-25DEC26,2260.23,ETH,ETH,157273.99,0.2425,2200.0,1798185600000,call,0.0030000000000000027,0.012371134020618568,0.9733522694593028,60.23000000000002,548.105775,False
0.028,0.0065,0.0065,ETH-17APR26-2000-P,0.006,0.007,1624.0,0.006601,1775654883642,-76.7857,0.0,520.0,70.22,2260.23,ETH-17APR26,2260.23,ETH,ETH,10923.8,0.006500000000000001,2000.0,1776412800000,put,0.001,0.15384615384615383,0.8848656995084571,0.0,14.691495000000002,False
0.2475,0.207,0.207,ETH-26MAR27-2100-P,0.197,0.2005,105.0,0.198927,1775654883642,-16.3636,0.0,3.0,67.52,2260.23,ETH-26MAR27,2260.23,ETH,ETH,1442.7,0.19875,2100.0,1806048000000,put,0.003500000000000003,0.017610062893081774,0.9291089844838799,0.0,449.22071250000005,False
0.0362,0.0205,0.0205,ETH-29MAY26-1750-P,0.0195,0.0205,1298.0,0.020003,1775654883642,-43.3702,0.0,206.0,70.9,2260.23,ETH-29MAY26,2260.23,ETH,ETH,9835.3,0.02,1750.0,1780041600000,put,0.0010000000000000009,0.050000000000000044,0.7742574870698999,0.0,45.2046,False
0.0075,0.0009,0.0018,ETH-9APR26-2350-C,0.0017,0.002,917.0,0.001835,1775654883642,100.0,0.0,1039.0,70.36,2260.23,index_price,2260.23,ETH,ETH,9889.83,0.00185,2350.0,1775721600000,call,0.00030000000000000014,0.16216216216216223,1.039717196922437,0.0,4.1814255000000005,False
,,,ETH-17APR26-1600-C,0.2905,0.297,0.0,0.29308,1775654883642,,0.0,0.0,96.06,2260.23,ETH-17APR26,2260.23,ETH,ETH,0.0,0.29374999999999996,1600.0,1776412800000,call,0.006500000000000006,0.02212765957446811,0.7078925596067657,660.23,663.9425624999999,False
0.0185,0.0185,0.0185,ETH-26JUN26-1400-P,0.0105,0.0115,9018.0,0.010934,1775654883642,0.0,0.0,1.0,76.44,2260.23,ETH-26JUN26,2260.23,ETH,ETH,38.66,0.011,1400.0,1782460800000,put,0.0009999999999999992,0.09090909090909084,0.61940598965592,0.0,24.86253,False
0.004,0.0016,0.0018,ETH-24APR26-1600-P,0.0015,0.0016,10624.0,0.001586,1775654883642,-53.8462,0.0,715.0,86.83,2260.23,ETH-24APR26,2260.23,ETH,ETH,3800.94,0.0015500000000000002,1600.0,1777017600000,put,0.00010000000000000005,0.06451612903225809,0.7078925596067657,0.0,3.5033565,False
,,,ETH-25SEP26-3100-P,0.426,0.4325,0.0,0.428547,1775654883642,,0.0,0.0,65.41,2260.23,ETH-25SEP26,2260.23,ETH,ETH,0.0,0.42925,3100.0,1790323200000,put,0.006500000000000006,0.015142690739662214,1.3715418342381085,839.77,970.2037275,False
0.353,0.353,0.353,ETH-25DEC26-1600-C,0.383,0.387,411.0,0.385276,1775654883642,0.0,0.0,18.0,69.39,2260.23,ETH-25DEC26,2260.23,ETH,ETH,13260.99,0.385,1600.0,1798185600000,call,0.0040000000000000036,0.010389610389610398,0.7078925596067657,660.23,870.1885500000001,False
,,,ETH-26MAR27-3100-P,0.482,0.4885,0.0,0.486898,1775654883642,,0.0,0.0,66.41,2260.23,ETH-26MAR27,2260.23,ETH,ETH,0.0,0.48524999999999996,3100.0,1806048000000,put,0.006500000000000006,0.013395157135497179,1.3715418342381085,839.77,1096.7766075,False
0.041,0.0075,0.032,ETH-11APR26-2200-C,0.035,0.039,218.0,0.03783,1775654883642,326.6667,0.0,189.0,64.05,2260.23,index_price,2260.23,ETH,ETH,6602.22,0.037000000000000005,2200.0,1775894400000,call,0.003999999999999997,0.108108108108108,0.9733522694593028,60.23000000000002,83.62851,False
0.0455,0.0235,0.0235,ETH-29MAY26-1800-P,0.0235,0.0245,1603.0,0.02392,1775654883642,-48.3516,0.0,367.0,70.01,2260.23,ETH-29MAY26,2260.23,ETH,ETH,21862.89,0.024,1800.0,1780041600000,put,0.0010000000000000009,0.041666666666666706,0.7963791295576114,0.0,54.24552,False
,,,ETH-25SEP26-1400-C,0.419,0.4215,0.0,0.420721,1775654883642,,0.0,0.0,72.33,2260.23,ETH-25SEP26,2260.23,ETH,ETH,0.0,0.42025,1400.0,1790323200000,call,0.0025000000000000022,0.005948839976204645,0.61940598965592,860.23,949.8616575000001,False
,,0.1415,ETH-24APR26-2400-P,0.0895,0.092,2140.0,0.090501,1775654883642,,0.0,0.0,64.38,2260.23,ETH-24APR26,2260.23,ETH,ETH,0.0,0.09075,2400.0,1777017600000,put,0.0025000000000000022,0.02754820936639121,1.0618388394101486,139.76999999999998,205.1158725,False
0.0782,0.0782,0.0782,ETH-25DEC26-1600-P,0.076,0.0775,3375.0,0.07657,1775654883642,0.0,0.0,250.0,69.39,2260.23,ETH-25DEC26,2260.23,ETH,ETH,43893.27,0.07675,1600.0,1798185600000,put,0.0015000000000000013,0.019543973941368097,0.7078925596067657,0.0,173.4726525,False
0.0095,0.0023,0.004,ETH-9APR26-2325-C,0.0027,0.0032,685.0,0.002977,1775654883642,-38.4615,0.0,696.0,66.5,2260.23,index_price,2260.23,ETH,ETH,10112.88,0.0029500000000000004,2325.0,1775721600000,call,0.0005,0.1694915254237288,1.0286563756785814,0.0,6.667678500000001,False
0.099,0.031,0.099,ETH-9APR26-2025-C,0.1,0.124,47.0,0.104128,1775654883642,219.3548,0.0,102.0,94.79,2260.23,index_price,2260.23,ETH,ETH,9375.76,0.112,2025.0,1775721600000,call,0.023999999999999994,0.21428571428571422,0.8959265207523128,235.23000000000002,253.14576,False
,,0.4155,ETH-29MAY26-3000-P,0.332,0.37,2.0,0.340164,1775654883642,,0.0,0.0,65.08,2260.23,ETH-29MAY26,2260.23,ETH,ETH,0.0,0.351,3000.0,1780041600000,put,0.03799999999999998,0.1082621082621082,1.3272985492626856,739.77,793.34073,False
,,,ETH-26JUN26-3100-P,0.3625,0.4405,0.0,0.39179,1775654883642,,0.0,0.0,65.0,2260.23,ETH-26JUN26,2260.23,ETH,ETH,0.0,0.40149999999999997,3100.0,1782460800000,put,0.07800000000000001,0.19427148194271487,1.3715418342381085,839.77,907.4823449999999,False
0.2165,0.16,0.16,ETH-26JUN26-2400-P,0.1515,0.154,3345.0,0.152919,1775654883642,-26.097,0.0,28.0,64.72,2260.23,ETH-26JUN26,2260.23,ETH,ETH,10707.32,0.15275,2400.0,1782460800000,put,0.0025000000000000022,0.016366612111292977,1.0618388394101486,139.76999999999998,345.2501325,False
0.0034,0.0002,0.001,ETH-10APR26-2500-C,0.0007,0.0008,8885.0,0.000841,1775654883642,400.0,0.0,1139.0,80.42,2260.23,ETH-10APR26,2260.23,ETH,ETH,5724.69,0.00075,2500.0,1775808000000,call,0.00010000000000000005,0.1333333333333334,1.1060821243855714,0.0,1.6951725,False
,,,ETH-9APR26-1800-C,0.197,0.2055,0.0,0.203604,1775654883642,,0.0,0.0,141.57,2260.23,index_price,2260.23,ETH,ETH,0.0,0.20124999999999998,1800.0,1775721600000,call,0.00849999999999998,0.0422360248447204,0.7963791295576114,460.23,454.8712875,True
0.0021,0.0004,0.0004,ETH-11APR26-1950-P,0.0005,0.0006,869.0,0.000495,1775654883642,-77.7778,0.0,46.0,82.63,2260.23,index_price,2260.23,ETH,ETH,211.52,0.0005499999999999999,1950.0,1775894400000,put,9.999999999999994e-05,0.18181818181818174,0.8627440570207456,0.0,1.2431264999999998,False
0.0345,0.0125,0.0125,ETH-24APR26-1950-P,0.011,0.0115,6495.0,0.011097,1775654883642,-63.7681,0.0,1607.0,70.73,2260.23,ETH-24APR26,2260.23,ETH,ETH,68183.09,0.01125,1950.0,1777017600000,put,0.0005000000000000004,0.04444444444444449,0.8627440570207456,0.0,25.427587499999998,False
0.099,0.0476,0.099,ETH-17APR26-2050-C,0.101,0.104,8571.0,0.103286,1775654883642,106.25,0.0,818.0,68.27,2260.23,ETH-17APR26,2260.23,ETH,ETH,87139.6,0.10250000000000001,2050.0,1776412800000,call,0.002999999999999989,0.029268292682926716,0.9069873419961685,210.23000000000002,231.67357500000003,False
0.025,0.025,0.025,ETH-12APR26-2250-P,0.021,0.022,2.0,0.021601,1775654883642,0.0,0.0,2.0,59.05,2260.23,index_price,2260.23,ETH,ETH,112.34,0.0215,2250.0,1775980800000,put,0.0009999999999999974,0.046511627906976626,0.9954739119470143,0.0,48.594944999999996,False
0.045,0.029,0.0295,ETH-26JUN26-1700-P,0.0285,0.0295,3784.0,0.028702,1775654883642,-33.7079,0.0,576.0,70.28,2260.23,ETH-26JUN26,2260.23,ETH,ETH,41135.7,0.028999999999999998,1700.0,1782460800000,put,0.0009999999999999974,0.03448275862068957,0.7521358445821885,0.0,65.54666999999999,False
0.166,0.166,0.166,ETH-29MAY26-2500-P,0.1585,0.1625,105.0,0.159624,1775654883642,0.0,0.0,1.0,64.21,2260.23,ETH-29MAY26,2260.23,ETH,ETH,372.76,0.1605,2500.0,1780041600000,put,0.0040000000000000036,0.024922118380062325,1.1060821243855714,239.76999999999998,362.766915,False
0.002,0.0007,0.002,ETH-24APR26-3100-C,0.0013,0.0016,3386.0,0.001449,1775654883642,185.7143,0.0,94.0,74.85,2260.23,ETH-24APR26,2260.23,ETH,ETH,182.08,0.00145,3100.0,1777017600000,call,0.00030000000000000014,0.20689655172413804,1.3715418342381085,0.0,3.2773334999999997,False
0.15,0.15,0.15,ETH-26MAR27-3200-C,0.1495,0.152,18.0,0.150993,1775654883642,0.0,0.0,1.0,66.39,2260.23,ETH-26MAR27,2260.23,ETH,ETH,337.39,0.15075,3200.0,1806048000000,call,0.0025000000000000022,0.016583747927031524,1.4157851192135313,0.0,340.7296725,False
0.0215,0.005,0.0175,ETH-17APR26-2400-C,0.017,0.018,5999.0,0.017426,1775654883642,218.1818,0.0,3734.0,64.21,2260.23,ETH-17APR26,2260.23,ETH,ETH,151176.5,0.0175,2400.0,1776412800000,call,0.0009999999999999974,0.05714285714285699,1.0618388394101486,0.0,39.554025,False
0.2485,0.2485,0.2485,ETH-26MAR27-2400-C,0.246,0.2495,142.0,0.247652,1775654883642,0.0,0.0,30.0,66.93,2260.23,ETH-26MAR27,2260.23,ETH,ETH,16770.32,0.24775,2400.0,1806048000000,call,0.003500000000000003,0.014127144298688206,1.0618388394101486,0.0,559.9719825,False
0.005,0.0025,0.0025,ETH-11APR26-2450-C,0.0026,0.0029,58.0,0.002749,1775654883642,-50.0,0.0,58.0,69.91,2260.23,index_price,2260.23,ETH,ETH,459.12,0.00275,2450.0,1775894400000,call,0.0002999999999999999,0.10909090909090907,1.0839604818978599,0.0,6.2156325,False
0.205,0.205,0.205,ETH-25SEP26-2100-C,0.215,0.218,1643.0,0.216853,1775654883642,0.0,0.0,25.0,66.48,2260.23,ETH-25SEP26,2260.23,ETH,ETH,11170.66,0.2165,2100.0,1790323200000,call,0.0030000000000000027,0.013856812933025417,0.9291089844838799,160.23000000000002,489.339795,False
,,0.1745,ETH-26JUN26-1900-C,0.2135,0.2155,555.0,0.214455,1775654883642,,0.0,0.0,67.63,2260.23,ETH-26JUN26,2260.23,ETH,ETH,0.0,0.2145,1900.0,1782460800000,call,0.0020000000000000018,0.009324009324009333,0.8406224145330342,360.23,484.819335,False
0.273,0.2715,0.273,ETH-25DEC26-2500-P,0.2695,0.2725,332.0,0.271373,1775654883642,0.5525,0.0,6.0,66.2,2260.23,ETH-25DEC26,2260.23,ETH,ETH,3677.64,0.271,2500.0,1798185600000,put,0.0030000000000000027,0.01107011070110702,1.1060821243855714,239.76999999999998,612.52233,False
0.0835,0.0575,0.082,ETH-26JUN26-2500-C,0.0805,0.082,64704.0,0.081384,1775654883642,36.6667,0.0,382.0,64.59,2260.23,ETH-26JUN26,2260.23,ETH,ETH,69834.1,0.08125,2500.0,1782460800000,call,0.0015000000000000013,0.018461538461538477,1.1060821243855714,0.0,183.6436875,False
0.099,0.0865,0.0935,ETH-26JUN26-2400-C,0.096,0.0975,9450.0,0.096795,1775654883642,8.0925,0.0,269.0,64.72,2260.23,ETH-26JUN26,2260.23,ETH,ETH,54836.8,0.09675,2400.0,1782460800000,call,0.0015000000000000013,0.015503875968992262,1.0618388394101486,0.0,218.6772525,False
0.245,0.245,0.245,ETH-24APR26-1700-C,0.249,0.2545,164.0,0.25145,1775654883642,0.0,0.0,50.0,81.3,2260.23,ETH-24APR26,2260.23,ETH,ETH,27418.2,0.25175000000000003,1700.0,1777017600000,call,0.005500000000000005,0.021847070506454833,0.7521358445821885,560.23,569.0129025000001,False
,,0.151,ETH-29MAY26-1950-C,0.177,0.1805,268.0,0.179438,1775654883642,,0.0,0.0,67.63,2260.23,ETH-29MAY26,2260.23,ETH,ETH,0.0,0.17875,1950.0,1780041600000,call,0.003500000000000003,0.0195804195804196,0.8627440570207456,310.23,404.01611249999996,False
0.232,0.232,0.232,ETH-26MAR27-2200-P,0.221,0.225,28.0,0.222989,1775654883642,0.0,0.0,1.0,67.29,2260.23,ETH-26MAR27,2260.23,ETH,ETH,519.91,0.223,2200.0,1806048000000,put,0.0040000000000000036,0.01793721973094172,0.9733522694593028,0.0,504.03129,False
,,0.386,ETH-25DEC26-1700-C,0.355,0.3595,72.0,0.357148,1775654883642,,0.0,0.0,68.69,2260.23,ETH-25DEC26,2260.23,ETH,ETH,0.0,0.35724999999999996,1700.0,1798185600000,call,0.004500000000000004,0.012596221133659914,0.7521358445821885,560.23,807.4671675,False
,,,ETH-11APR26-2425-C,0.0034,0.0038,0.0,0.003603,1775654883642,,0.0,0.0,68.38,2260.23,index_price,2260.23,ETH,ETH,0.0,0.0036,2425.0,1775894400000,call,0.0004000000000000002,0.11111111111111116,1.0728996606540042,0.0,8.136828,False
0.057,0.019,0.056,ETH-17APR26-2200-C,0.0535,0.055,1760.0,0.054482,1775654883642,194.7368,0.0,621.0,64.41,2260.23,ETH-17APR26,2260.23,ETH,ETH,43138.15,0.05425,2200.0,1776412800000,call,0.0015000000000000013,0.027649769585253482,0.9733522694593028,60.23000000000002,122.6174775,False
0.1585,0.1295,0.1295,ETH-29MAY26-2350-P,0.116,0.1175,677.0,0.11668,1775654883642,-18.2965,0.0,50.0,64.46,2260.23,ETH-29MAY26,2260.23,ETH,ETH,16732.48,0.11674999999999999,2350.0,1780041600000,put,0.0014999999999999875,0.012847965738757924,1.039717196922437,89.76999999999998,263.8818525,False
0.0043,0.0022,0.0023,ETH-29MAY26-1200-P,0.0021,0.0024,3312.0,0.002334,1775654883642,-45.2381,0.0,29.0,87.84,2260.23,ETH-29MAY26,2260.23,ETH,ETH,190.96,0.00225,1200.0,1780041600000,put,0.0002999999999999999,0.1333333333333333,0.5309194197050743,0.0,5.0855175,False
,,0.609,ETH-25DEC26-3200-P,0.491,0.498,265.0,0.494505,1775654883642,,0.0,0.0,66.03,2260.23,ETH-25DEC26,2260.23,ETH,ETH,0.0,0.4945,3200.0,1798185600000,put,0.007000000000000006,0.014155712841253804,1.4157851192135313,939.77,1117.683735,False
0.046,0.038,0.046,ETH-29MAY26-2600-C,0.044,0.0455,6143.0,0.045147,1775654883642,17.9487,0.0,506.0,64.22,2260.23,ETH-29MAY26,2260.23,ETH,ETH,47438.98,0.04475,2600.0,1780041600000,call,0.0015000000000000013,0.03351955307262573,1.1503254093609943,0.0,101.1452925,False
0.031,0.029,0.029,ETH-11APR26-2275-P,0.025,0.026,112.0,0.025521,1775654883642,-6.4516,0.0,112.0,63.4,2260.23,index_price,2260.23,ETH,ETH,7747.85,0.025500000000000002,2275.0,1775894400000,put,0.0009999999999999974,0.0392156862745097,1.00653473319087,14.769999999999982,57.635865,False
0.063,0.025,0.025,ETH-24APR26-2100-P,0.0245,0.0255,8898.0,0.024827,1775654883642,-60.3175,0.0,1029.0,66.69,2260.23,ETH-24APR26,2260.23,ETH,ETH,90629.49,0.025,2100.0,1777017600000,put,0.0009999999999999974,0.0399999999999999,0.9291089844838799,0.0,56.505750000000006,False
0.0245,0.009,0.009,ETH-9APR26-2250-P,0.0085,0.0095,1172.0,0.009068,1775654883642,-63.2653,0.0,1544.0,61.03,2260.23,index_price,2260.23,ETH,ETH,45885.18,0.009000000000000001,2250.0,1775721600000,put,0.0009999999999999992,0.11111111111111101,0.9954739119470143,0.0,20.342070000000003,False
,,0.1,ETH-29MAY26-2100-C,0.1345,0.1365,9468.0,0.135767,1775654883642,,0.0,0.0,65.97,2260.23,ETH-29MAY26,2260.23,ETH,ETH,0.0,0.1355,2100.0,1780041600000,call,0.0020000000000000018,0.014760147601476026,0.9291089844838799,160.23000000000002,306.261165,False
,,0.434,ETH-26MAR27-1400-C,0.468,0.475,3.0,0.470503,1775654883642,,0.0,0.0,70.76,2260.23,ETH-26MAR27,2260.23,ETH,ETH,0.0,0.47150000000000003,1400.0,1806048000000,call,0.006999999999999951,0.014846235418875822,0.61940598965592,860.23,1065.698445,False
0.0075,0.0007,0.0024,ETH-10APR26-2400-C,0.0024,0.0028,7700.0,0.002688,1775654883642,242.8571,0.0,5702.0,70.32,2260.23,ETH-10APR26,2260.23,ETH,ETH,58904.64,0.0026,2400.0,1775808000000,call,0.0004000000000000002,0.1538461538461539,1.0618388394101486,0.0,5.8765979999999995,False
0.031,0.015,0.016,ETH-10APR26-2250-P,0.0145,0.016,765.0,0.015321,1775654883642,-48.3871,0.0,673.0,63.0,2260.23,ETH-10APR26,2260.23,ETH,ETH,29838.82,0.01525,2250.0,1775808000000,put,0.0014999999999999996,0.09836065573770489,0.9954739119470143,0.0,34.4685075,False
0.0291,0.0022,0.019,ETH-10APR26-2250-C,0.019,0.02,7339.0,0.019808,1775654883642,763.6364,0.0,10620.0,63.0,2260.23,ETH-10APR26,2260.23,ETH,ETH,467370.55,0.0195,2250.0,1775808000000,call,0.0010000000000000009,0.05128205128205133,0.9954739119470143,10.230000000000018,44.074485,False
0.041,0.0039,0.0335,ETH-10APR26-2200-C,0.032,0.035,6202.0,0.033812,1775654883642,509.0909,0.0,1472.0,63.3,2260.23,ETH-10APR26,2260.23,ETH,ETH,95370.05,0.0335,2200.0,1775808000000,call,0.0030000000000000027,0.08955223880597023,0.9733522694593028,60.23000000000002,75.71770500000001,False
0.058,0.0345,0.0345,ETH-29MAY26-1900-P,0.033,0.034,6027.0,0.033603,1775654883642,-40.5172,0.0,159.0,68.41,2260.23,ETH-29MAY26,2260.23,ETH,ETH,12852.7,0.0335,1900.0,1780041600000,put,0.0010000000000000009,0.02985074626865674,0.8406224145330342,0.0,75.71770500000001,False
0.1045,0.1035,0.1035,ETH-26MAR27-1600-P,0.0975,0.1005,45.0,0.099092,1775654883642,-0.9569,0.0,3.0,69.43,2260.23,ETH-26MAR27,2260.23,ETH,ETH,701.87,0.099,1600.0,1806048000000,put,0.0030000000000000027,0.030303030303030328,0.7078925596067657,0.0,223.76277000000002,False
0.188,0.188,0.188,ETH-25DEC26-2500-C,0.19,0.1925,20842.0,0.191215,1775654883643,0.0,0.0,1.0,66.2,2260.23,ETH-25DEC26,2260.23,ETH,ETH,420.04,0.19125,2500.0,1798185600000,call,0.0025000000000000022,0.013071895424836612,1.1060821243855714,0.0,432.26898750000004,False
,,0.32,ETH-26MAR27-2400-P,0.2725,0.2765,3.0,0.274675,1775654883643,,0.0,0.0,66.93,2260.23,ETH-26MAR27,2260.23,ETH,ETH,0.0,0.2745,2400.0,1806048000000,put,0.0040000000000000036,0.014571948998178519,1.0618388394101486,139.76999999999998,620.4331350000001,False
0.0065,0.0055,0.0055,ETH-26JUN26-1200-P,0.005,0.006,4729.0,0.005474,1775654883643,-15.3846,0.0,21.0,82.56,2260.23,ETH-26JUN26,2260.23,ETH,ETH,272.43,0.0055,1200.0,1782460800000,put,0.001,0.18181818181818182,0.5309194197050743,0.0,12.431265,False
0.04,0.0095,0.0095,ETH-17APR26-2050-P,0.009,0.01,1120.0,0.009572,1775654883643,-72.4638,0.0,748.0,68.27,2260.23,ETH-17APR26,2260.23,ETH,ETH,26691.29,0.0095,2050.0,1776412800000,put,0.0010000000000000009,0.10526315789473693,0.9069873419961685,0.0,21.472185,False
,,,ETH-26MAR27-1700-C,0.3865,0.393,0.0,0.3886,1775654883643,,0.0,0.0,68.89,2260.23,ETH-26MAR27,2260.23,ETH,ETH,0.0,0.38975000000000004,1700.0,1806048000000,call,0.006500000000000006,0.016677357280307902,0.7521358445821885,560.23,880.9246425000001,False
,,,ETH-29MAY26-1400-C,0.386,0.3905,0.0,0.388045,1775654883643,,0.0,0.0,80.81,2260.23,ETH-29MAY26,2260.23,ETH,ETH,0.0,0.38825,1400.0,1780041600000,call,0.004500000000000004,0.01159047005795236,0.61940598965592,860.23,877.5342975,False
,,0.143,ETH-25SEP26-2000-P,0.1115,0.114,11190.0,0.112602,1775654883643,,0.0,0.0,66.9,2260.23,ETH-25SEP26,2260.23,ETH,ETH,0.0,0.11275,2000.0,1790323200000,put,0.0025000000000000022,0.022172949002217314,0.8848656995084571,0.0,254.8409325,False
0.0785,0.0215,0.076,ETH-10APR26-2075-C,0.08,0.0845,133.0,0.082755,1775654883643,253.4884,0.0,89.0,71.49,2260.23,ETH-10APR26,2260.23,ETH,ETH,14020.86,0.08225,2075.0,1775808000000,call,0.004500000000000004,0.05471124620060795,0.9180481632400243,185.23000000000002,185.9039175,False
0.116,0.0735,0.0735,ETH-29MAY26-2150-P,0.0705,0.072,7809.0,0.071106,1775654883643,-36.6379,0.0,115.0,65.57,2260.23,ETH-29MAY26,2260.23,ETH,ETH,21544.14,0.07125,2150.0,1780041600000,put,0.0015000000000000013,0.02105263157894739,0.9512306269715913,0.0,161.04138749999998,False
0.0695,0.0695,0.0695,ETH-25DEC26-1400-P,0.0505,0.052,2835.0,0.051439,1775654883643,0.0,0.0,10.0,71.2,2260.23,ETH-25DEC26,2260.23,ETH,ETH,1444.68,0.051250000000000004,1400.0,1798185600000,put,0.0014999999999999944,0.029268292682926716,0.61940598965592,0.0,115.83678750000001,False
0.039,0.014,0.015,ETH-24APR26-2000-P,0.0145,0.015,13922.0,0.014613,1775654883643,-61.5385,0.0,975.0,69.17,2260.23,ETH-24APR26,2260.23,ETH,ETH,46482.73,0.01475,2000.0,1777017600000,put,0.0004999999999999987,0.03389830508474568,0.8848656995084571,0.0,33.3383925,False
0.0055,0.0022,0.0039,ETH-24APR26-2800-C,0.0046,0.0049,7299.0,0.004777,1775654883643,77.2727,0.0,952.0,68.82,2260.23,ETH-24APR26,2260.23,ETH,ETH,7540.33,0.00475,2800.0,1777017600000,call,0.0002999999999999999,0.0631578947368421,1.23881197931184,0.0,10.7360925,False
0.103,0.085,0.085,ETH-25SEP26-1800-P,0.077,0.0785,1654.0,0.077738,1775654883643,-17.4757,0.0,6.0,68.08,2260.23,ETH-25SEP26,2260.23,ETH,ETH,1278.97,0.07775,1800.0,1790323200000,put,0.0015000000000000013,0.019292604501607736,0.7963791295576114,0.0,175.7328825,False
0.054,0.019,0.019,ETH-24APR26-2050-P,0.019,0.0195,13864.0,0.019097,1775654883643,-61.6162,0.0,756.0,67.77,2260.23,ETH-24APR26,2260.23,ETH,ETH,67888.83,0.01925,2050.0,1777017600000,put,0.0005000000000000004,0.025974025974025997,0.9069873419961685,0.0,43.5094275,False
0.007,0.007,0.007,ETH-12APR26-2375-C,0.007,0.008,48.0,0.007641,1775654883643,0.0,0.0,48.0,60.81,2260.23,index_price,2260.23,ETH,ETH,757.25,0.0075,2375.0,1775980800000,call,0.001,0.13333333333333333,1.050778018166293,0.0,16.951725,False
,,,ETH-26MAR27-3200-P,0.508,0.6355,0.0,0.520358,1775654883643,,0.0,0.0,66.39,2260.23,ETH-26MAR27,2260.23,ETH,ETH,0.0,0.57175,3200.0,1806048000000,put,0.12749999999999995,0.2229995627459553,1.4157851192135313,939.77,1292.2865024999999,False
0.1985,0.1985,0.1985,ETH-26MAR27-2600-C,0.2165,0.2195,301.0,0.218375,1775654883643,0.0,0.0,1.0,66.73,2260.23,ETH-26MAR27,2260.23,ETH,ETH,416.81,0.218,2600.0,1806048000000,call,0.0030000000000000027,0.01376146788990827,1.1503254093609943,0.0,492.73014,False
0.142,0.142,0.142,ETH-25SEP26-2500-C,0.1415,0.144,3424.0,0.142855,1775654883643,0.0,0.0,5.0,65.52,2260.23,ETH-25SEP26,2260.23,ETH,ETH,1597.32,0.14275,2500.0,1790323200000,call,0.0025000000000000022,0.01751313485113837,1.1060821243855714,0.0,322.6478325,False
0.03,0.007,0.0075,ETH-10APR26-2200-P,0.007,0.0075,1350.0,0.007203,1775654883643,-75.0,0.0,969.0,63.3,2260.23,ETH-10APR26,2260.23,ETH,ETH,29160.7,0.0072499999999999995,2200.0,1775808000000,put,0.0004999999999999996,0.06896551724137925,0.9733522694593028,0.0,16.386667499999998,False
0.051,0.0415,0.048,ETH-29MAY26-2550-C,0.05,0.051,4672.0,0.05083,1775654883643,15.6627,0.0,99.0,64.22,2260.23,ETH-29MAY26,2260.23,ETH,ETH,9764.96,0.0505,2550.0,1780041600000,call,0.000999999999999994,0.01980198019801968,1.1282037668732827,0.0,114.141615,False
,,0.3365,ETH-25SEP26-2600-P,0.2615,0.2645,8371.0,0.262946,1775654883643,,0.0,0.0,65.43,2260.23,ETH-25SEP26,2260.23,ETH,ETH,0.0,0.263,2600.0,1790323200000,put,0.0030000000000000027,0.011406844106463887,1.1503254093609943,339.77,594.4404900000001,False
0.1935,0.1855,0.1855,ETH-26JUN26-2500-P,0.1805,0.183,4759.0,0.181514,1775654883643,-4.1344,0.0,389.0,64.59,2260.23,ETH-26JUN26,2260.23,ETH,ETH,166551.83,0.18175,2500.0,1782460800000,put,0.0025000000000000022,0.013755158184319133,1.1060821243855714,239.76999999999998,410.7968025,False
0.0046,0.0017,0.0028,ETH-24APR26-2900-C,0.003,0.0033,6615.0,0.003165,1775654883643,64.7059,0.0,296.0,70.87,2260.23,ETH-24APR26,2260.23,ETH,ETH,2262.84,0.00315,2900.0,1777017600000,call,0.0002999999999999999,0.0952380952380952,1.2830552642872628,0.0,7.1197245,False
,,,ETH-9APR26-1925-C,0.1305,0.1675,0.0,0.14831,1775654883643,,0.0,0.0,113.88,2260.23,index_price,2260.23,ETH,ETH,0.0,0.14900000000000002,1925.0,1775721600000,call,0.037000000000000005,0.2483221476510067,0.85168323577689,335.23,336.77427000000006,False
0.036,0.0236,0.0345,ETH-29MAY26-2700-C,0.0345,0.0355,9670.0,0.035428,1775654883643,46.1864,0.0,74.0,64.23,2260.23,ETH-29MAY26,2260.23,ETH,ETH,5623.49,0.035,2700.0,1780041600000,call,0.000999999999999994,0.028571428571428397,1.194568694336417,0.0,79.10805,False
0.0285,0.02,0.02,ETH-11APR26-2250-P,0.019,0.0205,469.0,0.019872,1775654883643,-29.8246,0.0,489.0,63.64,2260.23,index_price,2260.23,ETH,ETH,28196.32,0.01975,2250.0,1775894400000,put,0.0015000000000000013,0.07594936708860767,0.9954739119470143,0.0,44.6395425,False
0.187,0.176,0.176,ETH-29MAY26-2550-P,0.1745,0.1785,46.0,0.175402,1775654883643,-5.8824,0.0,12.0,64.22,2260.23,ETH-29MAY26,2260.23,ETH,ETH,4951.04,0.1765,2550.0,1780041600000,put,0.0040000000000000036,0.02266288951841362,1.1282037668732827,289.77,398.930595,False
0.05,0.0055,0.041,ETH-10APR26-2175-C,0.04,0.0435,482.0,0.042441,1775654883643,446.6667,0.0,166.0,64.29,2260.23,ETH-10APR26,2260.23,ETH,ETH,10196.18,0.041749999999999995,2175.0,1775808000000,call,0.003499999999999996,0.08383233532934123,0.9622914482154471,85.23000000000002,94.36460249999999,False
0.1355,0.08,0.08,ETH-29MAY26-2200-P,0.0805,0.082,6803.0,0.081176,1775654883643,-40.2985,0.0,3010.0,65.2,2260.23,ETH-29MAY26,2260.23,ETH,ETH,602892.54,0.08125,2200.0,1780041600000,put,0.0015000000000000013,0.018461538461538477,0.9733522694593028,0.0,183.6436875,False
0.1495,0.1055,0.1495,ETH-29MAY26-2050-C,0.1475,0.1505,5959.0,0.149512,1775654883643,40.3756,0.0,1105.0,66.49,2260.23,ETH-29MAY26,2260.23,ETH,ETH,279440.37,0.149,2050.0,1780041600000,call,0.0030000000000000027,0.020134228187919483,0.9069873419961685,210.23000000000002,336.77427,False
,,,ETH-9APR26-1850-C,0.1775,0.183,0.0,0.181484,1775654883643,,0.0,0.0,130.47,2260.23,index_price,2260.23,ETH,ETH,0.0,0.18025,1850.0,1775721600000,call,0.005500000000000005,0.030513176144244133,0.8185007720453228,410.23,407.4064575,True
,,,ETH-25DEC26-3100-P,0.4565,0.463,0.0,0.460018,1775654883643,,0.0,0.0,66.02,2260.23,ETH-25DEC26,2260.23,ETH,ETH,0.0,0.45975,3100.0,1798185600000,put,0.006500000000000006,0.014138118542686255,1.3715418342381085,839.77,1039.1407425,False
,,0.493,ETH-24APR26-3200-P,0.4055,0.4475,3.0,0.41519,1775654883643,,0.0,0.0,77.08,2260.23,ETH-24APR26,2260.23,ETH,ETH,0.0,0.4265,3200.0,1777017600000,put,0.04199999999999998,0.09847596717467756,1.4157851192135313,939.77,963.9880949999999,False
0.0545,0.04,0.04,ETH-25SEP26-1500-P,0.04,0.041,6834.0,0.040573,1775654883643,-26.6055,0.0,87.0,71.11,2260.23,ETH-25SEP26,2260.23,ETH,ETH,8377.04,0.0405,1500.0,1790323200000,put,0.0010000000000000009,0.024691358024691377,0.6636492746313428,0.0,91.539315,False
,,0.3025,ETH-25DEC26-2400-P,0.242,0.2455,1434.0,0.243702,1775654883643,,0.0,0.0,66.31,2260.23,ETH-25DEC26,2260.23,ETH,ETH,0.0,0.24375,2400.0,1798185600000,put,0.003500000000000003,0.014358974358974373,1.0618388394101486,139.76999999999998,550.9310624999999,False
0.1525,0.0945,0.0945,ETH-29MAY26-2250-P,0.0915,0.093,1433.0,0.09204,1775654883643,-38.0328,0.0,478.0,64.83,2260.23,ETH-29MAY26,2260.23,ETH,ETH,112955.08,0.09225,2250.0,1780041600000,put,0.0015000000000000013,0.016260162601626032,0.9954739119470143,0.0,208.5062175,False
0.0145,0.0145,0.0145,ETH-12APR26-2300-C,0.016,0.017,11.0,0.01656,1775654883643,0.0,0.0,11.0,59.34,2260.23,index_price,2260.23,ETH,ETH,358.79,0.0165,2300.0,1775980800000,call,0.0010000000000000009,0.060606060606060656,1.0175955544347257,0.0,37.293795,False
0.0274,0.0025,0.0026,ETH-11APR26-2075-P,0.002,0.0023,295.0,0.002126,1775654883644,-90.5109,0.0,430.0,69.94,2260.23,index_price,2260.23,ETH,ETH,11590.63,0.00215,2075.0,1775894400000,put,0.0002999999999999999,0.1395348837209302,0.9180481632400243,0.0,4.8594945,False
,,,ETH-26MAR27-2300-P,0.246,0.25,0.0,0.248279,1775654883644,,0.0,0.0,67.1,2260.23,ETH-26MAR27,2260.23,ETH,ETH,0.0,0.248,2300.0,1806048000000,put,0.0040000000000000036,0.01612903225806453,1.0175955544347257,39.76999999999998,560.53704,False
0.3565,0.35,0.355,ETH-26JUN26-1500-C,0.3535,0.356,141.0,0.355104,1775654883644,1.4286,0.0,33.0,73.9,2260.23,ETH-26JUN26,2260.23,ETH,ETH,26157.55,0.35475,1500.0,1782460800000,call,0.0025000000000000022,0.007047216349541937,0.6636492746313428,760.23,801.8165925000001,False
0.1485,0.1485,0.1485,ETH-26MAR27-1700-P,0.1145,0.1175,3.0,0.116075,1775654883644,0.0,0.0,1.0,68.89,2260.23,ETH-26MAR27,2260.23,ETH,ETH,308.26,0.11599999999999999,1700.0,1806048000000,put,0.002999999999999989,0.025862068965517147,0.7521358445821885,0.0,262.18667999999997,False
,,0.1655,ETH-29MAY26-1850-C,0.2095,0.2155,51.0,0.212518,1775654883644,,0.0,0.0,69.13,2260.23,ETH-29MAY26,2260.23,ETH,ETH,0.0,0.2125,1850.0,1780041600000,call,0.006000000000000005,0.028235294117647084,0.8185007720453228,410.23,480.298875,False
0.0295,0.0036,0.021,ETH-11APR26-2250-C,0.0235,0.025,391.0,0.02442,1775654883644,483.3333,0.0,476.0,63.64,2260.23,index_price,2260.23,ETH,ETH,17987.74,0.02425,2250.0,1775894400000,call,0.0015000000000000013,0.061855670103092834,0.9954739119470143,10.230000000000018,54.8105775,False
0.059,0.027,0.0535,ETH-24APR26-2250-C,0.0555,0.0565,7977.0,0.056241,1775654883644,98.1481,0.0,627.0,64.57,2260.23,ETH-24APR26,2260.23,ETH,ETH,46687.09,0.056,2250.0,1777017600000,call,0.0010000000000000009,0.017857142857142873,0.9954739119470143,10.230000000000018,126.57288,False
,,0.3505,ETH-24APR26-1400-C,0.379,0.3855,36.0,0.38194,1775654883644,,0.0,0.0,101.19,2260.23,ETH-24APR26,2260.23,ETH,ETH,0.0,0.38225,1400.0,1777017600000,call,0.006500000000000006,0.01700457815565731,0.61940598965592,860.23,863.9729175,False
,,0.284,ETH-25DEC26-1900-C,0.304,0.308,68.0,0.306222,1775654883644,,0.0,0.0,67.68,2260.23,ETH-25DEC26,2260.23,ETH,ETH,0.0,0.306,1900.0,1798185600000,call,0.0040000000000000036,0.013071895424836614,0.8406224145330342,360.23,691.63038,False
,,0.1485,ETH-24APR26-1850-C,0.186,0.192,145.0,0.188705,1775654883644,,0.0,0.0,74.23,2260.23,ETH-24APR26,2260.23,ETH,ETH,0.0,0.189,1850.0,1777017600000,call,0.006000000000000005,0.03174603174603177,0.8185007720453228,410.23,427.18347,False
0.0038,0.0029,0.0038,ETH-12APR26-2450-C,0.0033,0.0036,99.0,0.003471,1775654883644,22.5806,0.0,99.0,63.72,2260.23,index_price,2260.23,ETH,ETH,749.76,0.00345,2450.0,1775980800000,call,0.0002999999999999999,0.08695652173913042,1.0839604818978599,0.0,7.7977935,False
0.0605,0.0048,0.0048,ETH-10APR26-2175-P,0.0045,0.0049,285.0,0.004771,1775654883644,-92.0661,0.0,203.0,64.29,2260.23,ETH-10APR26,2260.23,ETH,ETH,4974.54,0.004699999999999999,2175.0,1775808000000,put,0.0004000000000000002,0.08510638297872346,0.9622914482154471,0.0,10.623080999999999,False
,,0.269,ETH-26JUN26-1600-C,0.3155,0.318,1765.0,0.316961,1775654883644,,0.0,0.0,71.94,2260.23,ETH-26JUN26,2260.23,ETH,ETH,0.0,0.31675,1600.0,1782460800000,call,0.0025000000000000022,0.007892659826361491,0.7078925596067657,660.23,715.9278525,False
0.013,0.0085,0.0105,ETH-11APR26-2325-C,0.0105,0.0115,443.0,0.011143,1775654883644,-19.2308,0.0,443.0,64.2,2260.23,index_price,2260.23,ETH,ETH,10408.05,0.011,2325.0,1775894400000,call,0.0009999999999999992,0.09090909090909084,1.0286563756785814,0.0,24.86253,False
,,0.433,ETH-29MAY26-1200-C,0.472,0.474,5.0,0.473123,1775654883644,,0.0,0.0,87.84,2260.23,ETH-29MAY26,2260.23,ETH,ETH,0.0,0.473,1200.0,1780041600000,call,0.0020000000000000018,0.004228329809725162,0.5309194197050743,1060.23,1069.08879,False
0.079,0.027,0.027,ETH-17APR26-2200-P,0.0265,0.0275,807.0,0.027081,1775654883644,-65.8228,0.0,703.0,64.41,2260.23,ETH-17APR26,2260.23,ETH,ETH,53798.73,0.027,2200.0,1776412800000,put,0.0010000000000000009,0.03703703703703707,0.9733522694593028,0.0,61.02621,False
,,0.223,ETH-29MAY26-1700-C,0.2645,0.27,77.0,0.266993,1775654883644,,0.0,0.0,71.96,2260.23,ETH-29MAY26,2260.23,ETH,ETH,0.0,0.26725,1700.0,1780041600000,call,0.005500000000000005,0.020579981290926117,0.7521358445821885,560.23,604.0464675,False
,,0.5165,ETH-26MAR27-2800-P,0.386,0.3925,8.0,0.390946,1775654883644,,0.0,0.0,66.57,2260.23,ETH-26MAR27,2260.23,ETH,ETH,0.0,0.38925,2800.0,1806048000000,put,0.006500000000000006,0.016698779704560067,1.23881197931184,539.77,879.7945275,False
0.2068,0.2035,0.2068,ETH-25DEC26-2400-C,0.2055,0.2075,1213.0,0.206761,1775654883644,1.6216,0.0,28.0,66.31,2260.23,ETH-25DEC26,2260.23,ETH,ETH,12995.47,0.2065,2400.0,1798185600000,call,0.0020000000000000018,0.009685230024213084,1.0618388394101486,0.0,466.73749499999997,False
,,0.114,ETH-25DEC26-1700-P,0.091,0.093,15598.0,0.091647,1775654883644,,0.0,0.0,68.69,2260.23,ETH-25DEC26,2260.23,ETH,ETH,0.0,0.092,1700.0,1798185600000,put,0.0020000000000000018,0.02173913043478263,0.7521358445821885,0.0,207.94116,False
0.12,0.088,0.12,ETH-29MAY26-2150-C,0.122,0.1235,13189.0,0.122938,1775654883644,32.5967,0.0,79.0,65.57,2260.23,ETH-29MAY26,2260.23,ETH,ETH,15581.81,0.12275,2150.0,1780041600000,call,0.0015000000000000013,0.012219959266802456,0.9512306269715913,110.23000000000002,277.4432325,False
0.201,0.1355,0.1355,ETH-29MAY26-2400-P,0.1295,0.131,683.0,0.130212,1775654883644,-32.5871,0.0,33.0,64.33,2260.23,ETH-29MAY26,2260.23,ETH,ETH,10689.6,0.13025,2400.0,1780041600000,put,0.0015000000000000013,0.011516314779270643,1.0618388394101486,139.76999999999998,294.39495750000003,False
0.0295,0.0018,0.0295,ETH-9APR26-2200-C,0.0265,0.0305,3598.0,0.029292,1775654883644,1129.1667,0.0,2732.0,62.65,2260.23,index_price,2260.23,ETH,ETH,51105.55,0.028499999999999998,2200.0,1775721600000,call,0.004,0.14035087719298248,0.9733522694593028,60.23000000000002,64.41655499999999,False
0.0235,0.022,0.022,ETH-12APR26-2250-C,0.0255,0.0265,17.0,0.026323,1775654883644,-6.383,0.0,17.0,59.05,2260.23,index_price,2260.23,ETH,ETH,844.78,0.026,2250.0,1775980800000,call,0.0010000000000000009,0.0384615384615385,0.9954739119470143,10.230000000000018,58.76598,False
0.1585,0.1585,0.1585,ETH-25SEP26-2400-C,0.158,0.1595,2884.0,0.158736,1775654883644,0.0,0.0,145.0,65.67,2260.23,ETH-25SEP26,2260.23,ETH,ETH,51539.93,0.15875,2400.0,1790323200000,call,0.0015000000000000013,0.009448818897637804,1.0618388394101486,0.0,358.8115125,False
,,0.1705,ETH-26MAR27-2900-C,0.1795,0.1825,2.0,0.181014,1775654883644,,0.0,0.0,66.46,2260.23,ETH-26MAR27,2260.23,ETH,ETH,0.0,0.181,2900.0,1806048000000,call,0.0030000000000000027,0.016574585635359133,1.2830552642872628,0.0,409.10163,False
0.0225,0.0115,0.0115,ETH-29MAY26-1600-P,0.011,0.012,8391.0,0.011584,1775654883644,-48.8889,0.0,474.0,74.46,2260.23,ETH-29MAY26,2260.23,ETH,ETH,12920.4,0.0115,1600.0,1780041600000,put,0.0010000000000000009,0.08695652173913052,0.7078925596067657,0.0,25.992645,False
0.0039,0.0013,0.0016,ETH-11APR26-2500-C,0.0015,0.0017,122.0,0.001634,1775654883644,23.0769,0.0,122.0,73.21,2260.23,index_price,2260.23,ETH,ETH,496.68,0.0015999999999999999,2500.0,1775894400000,call,0.00019999999999999987,0.12499999999999993,1.1060821243855714,0.0,3.6163679999999996,False
