high,low,last,interest_rate,instrument_name,bid_price,ask_price,open_interest,mark_price,creation_timestamp,price_change,volume,mark_iv,underlying_price,underlying_index,base_currency,quote_currency,estimated_delivery_price,volume_usd,mid_price,strike,expiration_timestamp,option_type,spread,spread_ratio,moneyness,intrinsic_value,mid_price_usd,arbitrage_opportunity
0.1415,0.1405,0.1405,0.0,BTC-25SEP26-66000-P,0.137,0.1405,193.9,0.13818719,1782497953806,-0.7067,0.2,40.37,59924.95,BTC-25SEP26,BTC,BTC,59924.95,1687.07,0.13875,66000.0,1790323200000,put,0.003500000000000003,0.025225225225225245,1.1013776398645305,6075.050000000003,8314.5868125,False
0.0285,0.0165,0.0175,0.0,BTC-10JUL26-57000-P,0.017,0.018,52.2,0.01743949,1782497953809,-12.5,51.8,49.46,59924.95,BTC-10JUL26,BTC,BTC,59924.95,66278.48,0.0175,57000.0,1783670400000,put,0.0009999999999999974,0.05714285714285699,0.9511897798830037,0.0,1048.686625,False
0.068,0.0645,0.067,0.0,BTC-26MAR27-78000-C,0.064,0.066,245.2,0.0651098,1782497953809,3.876,59.5,42.69,59924.95,BTC-26MAR27,BTC,BTC,59924.95,241193.82,0.065,78000.0,1806048000000,call,0.0020000000000000018,0.030769230769230795,1.3016281198398998,0.0,3895.12175,False
0.42,0.42,0.42,0.0,BTC-25SEP26-85000-P,0.4045,0.418,454.5,0.41117035,1782497953809,0.0,2.0,39.35,59924.95,BTC-25SEP26,BTC,BTC,59924.95,50059.26,0.41125,85000.0,1790323200000,put,0.013499999999999956,0.03282674772036463,1.4184408998255318,25075.050000000003,24644.1356875,True
0.0027,0.0016,0.0017,0.0,BTC-30JUN26-63000-C,0.0014,0.0017,96.8,0.00167769,1782497953809,-32.0,108.7,38.05,59924.95,index_price,BTC,BTC,59924.95,13505.13,0.00155,63000.0,1782806400000,call,0.0002999999999999999,0.19354838709677416,1.0513150198706882,0.0,92.88367249999999,False
0.09,0.065,0.0725,0.0,BTC-31JUL26-62000-P,0.0685,0.0705,948.6,0.06952163,1782497953809,-3.3333,45.1,41.44,59924.95,BTC-31JUL26,BTC,BTC,59924.95,203258.08,0.0695,62000.0,1785484800000,put,0.001999999999999988,0.02877697841726601,1.0346274798727408,2075.050000000003,4164.784025,False
0.269,0.24,0.24,0.0,BTC-28AUG26-75000-P,0.25,0.255,27.8,0.25307225,1782497953809,-10.7807,0.8,38.74,59924.95,BTC-28AUG26,BTC,BTC,59924.95,11908.6,0.2525,75000.0,1787904000000,put,0.0050000000000000044,0.01980198019801982,1.2515654998460575,15075.050000000003,15131.049874999999,False
0.0055,0.0048,0.0048,0.0,BTC-28AUG26-77000-C,0.0043,0.0048,88.6,0.00481175,1782497953809,-12.7273,0.5,38.61,59924.95,BTC-28AUG26,BTC,BTC,59924.95,146.17,0.00455,77000.0,1787904000000,call,0.0004999999999999996,0.10989010989010979,1.2849405798419524,0.0,272.6585225,False
,,,0.0,BTC-28AUG26-82000-P,0.358,0.4095,0.0,0.36444139,1782497953809,,0.0,39.12,59924.95,BTC-28AUG26,BTC,BTC,59924.95,0.0,0.38375,82000.0,1787904000000,put,0.05149999999999999,0.13420195439739413,1.3683782798316895,22075.050000000003,22996.199562499998,False
0.228,0.208,0.2125,0.0,BTC-25DEC26-70000-P,0.2125,0.2165,1047.5,0.21418455,1782497953809,-2.0737,0.4,42.2,59924.95,BTC-25DEC26,BTC,BTC,59924.95,5180.1,0.2145,70000.0,1798185600000,put,0.0040000000000000036,0.018648018648018665,1.1681277998563204,10075.050000000003,12853.901774999998,False
0.0043,0.0013,0.0015,0.0,BTC-30JUN26-54000-P,0.0012,0.0014,32.7,0.00135859,1782497953809,-31.8182,32.8,65.2,59924.95,index_price,BTC,BTC,59924.95,7427.1,0.0013,54000.0,1782806400000,put,0.0002000000000000001,0.1538461538461539,0.9011271598891614,0.0,77.902435,False
0.049,0.046,0.046,0.0,BTC-25JUN27-40000-P,0.0455,0.048,25.2,0.04653592,1782497953809,-6.1224,8.6,52.92,59924.95,BTC-25JUN27,BTC,BTC,59924.95,23903.68,0.04675,40000.0,1813910400000,put,0.0025000000000000022,0.05347593582887705,0.6675015999178974,0.0,2801.4914125,False
0.0013,0.0007,0.0008,0.0,BTC-31JUL26-79000-C,0.0007,0.0009,420.8,0.00076446,1782497953809,-27.2727,24.8,41.03,59924.95,BTC-31JUL26,BTC,BTC,59924.95,1763.33,0.0007999999999999999,79000.0,1785484800000,call,0.00019999999999999998,0.25,1.3183156598378472,0.0,47.93995999999999,False
0.021,0.007,0.021,0.0,BTC-28JUN26-59500-C,0.012,0.0135,39.1,0.01273514,1782497953809,40.0,61.0,33.18,59924.95,index_price,BTC,BTC,59924.95,52324.25,0.012750000000000001,59500.0,1782633600000,call,0.0014999999999999996,0.11764705882352937,0.9929086298778723,424.9499999999971,764.0431125,False
0.0036,0.0021,0.003,0.0,BTC-10JUL26-67000-C,0.0021,0.0024,1449.6,0.00237051,1782497953809,20.0,41.3,38.64,59924.95,BTC-10JUL26,BTC,BTC,59924.95,6874.73,0.00225,67000.0,1783670400000,call,0.0002999999999999999,0.1333333333333333,1.118065179862478,0.0,134.83113749999998,False
0.1705,0.1575,0.1575,0.0,BTC-26MAR27-62000-P,0.1555,0.1585,225.5,0.15701566,1782497953809,-7.6246,0.6,44.82,59924.95,BTC-26MAR27,BTC,BTC,59924.95,5844.88,0.157,62000.0,1806048000000,put,0.0030000000000000027,0.019108280254777087,1.0346274798727408,2075.050000000003,9408.21715,False
,,0.076,0.0,BTC-28AUG26-59000-C,0.0805,0.082,87.3,0.08100139,1782497953809,,0.0,43.29,59924.95,BTC-28AUG26,BTC,BTC,59924.95,0.0,0.08125,59000.0,1787904000000,call,0.0015000000000000013,0.018461538461538477,0.9845648598788985,924.9499999999971,4868.9021875,False
0.0105,0.0024,0.0024,0.0,BTC-29JUN26-57000-P,0.0021,0.0025,201.3,0.00239842,1782497953809,-65.7143,174.7,50.57,59924.95,index_price,BTC,BTC,59924.95,70819.53,0.0023,57000.0,1782720000000,put,0.0004000000000000002,0.17391304347826095,0.9511897798830037,0.0,137.827385,False
0.111,0.1015,0.111,0.0,BTC-25DEC26-58000-P,0.0995,0.1015,1105.4,0.10068377,1782497953809,6.7308,3.9,45.24,59924.95,BTC-25DEC26,BTC,BTC,59924.95,24266.53,0.1005,58000.0,1798185600000,put,0.0020000000000000018,0.019900497512437828,0.9678773198809512,0.0,6022.457475,False
0.012,0.0055,0.009,0.0,BTC-30JUN26-61000-C,0.008,0.0085,149.1,0.00848827,1782497953809,-25.0,154.7,39.59,59924.95,index_price,BTC,BTC,59924.95,83253.55,0.00825,61000.0,1782806400000,call,0.0005000000000000004,0.060606060606060656,1.0179399398747935,0.0,494.3808375,False
,,0.081,0.0,BTC-3JUL26-55000-C,0.0865,0.0895,0.1,0.08806659,1782497953809,,0.0,59.54,59924.95,BTC-3JUL26,BTC,BTC,59924.95,0.0,0.088,55000.0,1783065600000,call,0.0030000000000000027,0.03409090909090912,0.9178146998871088,4924.949999999997,5273.3956,False
0.024,0.0125,0.013,0.0,BTC-10JUL26-56000-P,0.0135,0.0145,2142.4,0.01393889,1782497953809,-10.3448,619.2,51.53,59924.95,BTC-10JUL26,BTC,BTC,59924.95,691564.43,0.014,56000.0,1783670400000,put,0.0010000000000000009,0.0714285714285715,0.9345022398850563,0.0,838.9493,False
0.059,0.059,0.059,0.0,BTC-26MAR27-80000-C,0.0575,0.0595,979.0,0.05852373,1782497953809,0.0,2.0,42.61,59924.95,BTC-26MAR27,BTC,BTC,59924.95,6997.94,0.058499999999999996,80000.0,1806048000000,call,0.001999999999999995,0.0341880341880341,1.3350031998357947,0.0,3505.6095749999995,False
0.0026,0.0019,0.0019,0.0,BTC-17JUL26-70000-C,0.0016,0.0019,1119.2,0.00185315,1782497953809,-9.5238,1108.3,38.48,59924.95,BTC-17JUL26,BTC,BTC,59924.95,164995.54,0.00175,70000.0,1784275200000,call,0.0002999999999999999,0.17142857142857137,1.1681277998563204,0.0,104.8686625,False
0.085,0.085,0.085,0.0,BTC-25DEC26-56000-P,0.086,0.088,122.5,0.08705193,1782497953809,0.0,1.0,46.05,59924.95,BTC-25DEC26,BTC,BTC,59924.95,5113.62,0.087,56000.0,1798185600000,put,0.0020000000000000018,0.022988505747126457,0.9345022398850563,0.0,5213.470649999999,False
,,0.245,0.0,BTC-25SEP26-75000-P,0.254,0.2585,2961.5,0.25612114,1782497953809,,0.0,38.95,59924.95,BTC-25SEP26,BTC,BTC,59924.95,0.0,0.25625,75000.0,1790323200000,put,0.004500000000000004,0.017560975609756113,1.2515654998460575,15075.050000000003,15355.768437499997,False
0.026,0.0049,0.0065,0.0,BTC-27JUN26-60000-P,0.0065,0.007,620.8,0.00690809,1782497953809,-64.8649,712.9,39.77,59924.95,index_price,BTC,BTC,59924.95,454992.39,0.00675,60000.0,1782547200000,put,0.0005000000000000004,0.07407407407407414,1.001252399876846,75.05000000000291,404.4934125,False
0.301,0.2816,0.2816,0.0,BTC-25DEC26-76000-P,0.286,0.2915,123.7,0.28887169,1782497953809,-6.4452,16.2,41.61,59924.95,BTC-25DEC26,BTC,BTC,59924.95,276235.64,0.28874999999999995,76000.0,1798185600000,put,0.005500000000000005,0.019047619047619067,1.2682530398440048,16075.050000000003,17303.329312499995,False
,,,0.0,BTC-25JUN27-85000-C,0.0665,0.0695,0.0,0.06766223,1782497953809,,0.0,42.95,59924.95,BTC-25JUN27,BTC,BTC,59924.95,0.0,0.068,85000.0,1813910400000,call,0.0030000000000000027,0.04411764705882357,1.4184408998255318,0.0,4074.8966,False
0.068,0.065,0.065,0.0,BTC-25JUN27-45000-P,0.064,0.067,1.0,0.06548142,1782497953809,-4.4118,0.5,50.33,59924.95,BTC-25JUN27,BTC,BTC,59924.95,1993.97,0.0655,45000.0,1813910400000,put,0.0030000000000000027,0.045801526717557293,0.7509392999076345,0.0,3925.084225,False
0.1025,0.0975,0.1025,0.0,BTC-26MAR27-70000-C,0.099,0.101,942.9,0.09995459,1782497953809,4.0609,1.8,43.42,59924.95,BTC-26MAR27,BTC,BTC,59924.95,10809.33,0.1,70000.0,1806048000000,call,0.0020000000000000018,0.020000000000000018,1.1681277998563204,0.0,5992.495,False
0.364,0.3635,0.364,0.0,BTC-31JUL26-82000-P,0.3595,0.3695,107.7,0.36607532,1782497953809,0.1376,3.3,43.54,59924.95,BTC-31JUL26,BTC,BTC,59924.95,72097.59,0.3645,82000.0,1785484800000,put,0.010000000000000009,0.02743484224965709,1.3683782798316895,22075.050000000003,21842.644275,True
0.049,0.0375,0.0375,0.0,BTC-28AUG26-55000-P,0.0375,0.0385,345.9,0.03803682,1782497953809,-12.7907,43.8,46.42,59924.95,BTC-28AUG26,BTC,BTC,59924.95,110123.79,0.038,55000.0,1787904000000,put,0.0010000000000000009,0.026315789473684233,0.9178146998871088,0.0,2277.1481,False
0.0135,0.0085,0.009,0.0,BTC-31JUL26-48000-P,0.0075,0.0085,531.6,0.00803048,1782497953809,-10.0,267.4,58.12,59924.95,BTC-31JUL26,BTC,BTC,59924.95,151552.6,0.008,48000.0,1785484800000,put,0.0010000000000000009,0.1250000000000001,0.8010019199014768,0.0,479.39959999999996,False
0.0125,0.0049,0.0055,0.0,BTC-3JUL26-55000-P,0.005,0.006,1649.6,0.00546794,1782497953809,-35.2941,290.3,59.54,59924.95,BTC-3JUL26,BTC,BTC,59924.95,132368.27,0.0055,55000.0,1783065600000,put,0.001,0.18181818181818182,0.9178146998871088,0.0,329.587225,False
0.107,0.107,0.107,0.0,BTC-3JUL26-67000-P,0.1145,0.1205,22.4,0.11816493,1782497953809,0.0,3.0,42.71,59924.95,BTC-3JUL26,BTC,BTC,59924.95,19443.78,0.1175,67000.0,1783065600000,put,0.0059999999999999915,0.05106382978723397,1.118065179862478,7075.050000000003,7041.181624999999,True
0.35,0.3205,0.3205,0.0,BTC-31JUL26-80000-P,0.3265,0.339,397.1,0.33290811,1782497953809,-8.4286,18.4,41.84,59924.95,BTC-31JUL26,BTC,BTC,59924.95,357101.41,0.33275,80000.0,1785484800000,put,0.012500000000000011,0.03756574004507892,1.3350031998357947,20075.050000000003,19940.0271125,True
0.055,0.0515,0.0515,0.0,BTC-26MAR27-45000-P,0.051,0.053,70.4,0.051839,1782497953809,-6.3636,4.2,50.99,59924.95,BTC-26MAR27,BTC,BTC,59924.95,13649.42,0.052,45000.0,1806048000000,put,0.0020000000000000018,0.0384615384615385,0.7509392999076345,0.0,3116.0973999999997,False
0.0065,0.0016,0.0021,0.0,BTC-30JUN26-55000-P,0.0017,0.002,89.5,0.00193349,1782497953809,-27.5862,91.7,60.53,59924.95,index_price,BTC,BTC,59924.95,24432.0,0.00185,55000.0,1782806400000,put,0.00030000000000000014,0.16216216216216223,0.9178146998871088,0.0,110.8611575,False
,,0.116,0.0,BTC-31JUL26-71000-P,0.184,0.189,110.0,0.1869608,1782497953809,,0.0,38.55,59924.95,BTC-31JUL26,BTC,BTC,59924.95,0.0,0.1865,71000.0,1785484800000,put,0.0050000000000000044,0.026809651474530856,1.1848153398542678,11075.050000000003,11176.003175,False
0.0042,0.0017,0.0042,0.0,BTC-30JUN26-62500-C,0.0022,0.0027,20.5,0.00258697,1782497953809,50.0,20.5,38.06,59924.95,index_price,BTC,BTC,59924.95,3600.64,0.00245,62500.0,1782806400000,call,0.0005,0.20408163265306123,1.0429712498717145,0.0,146.8161275,False
,,0.1665,0.0,BTC-25DEC26-65000-P,0.1585,0.162,540.4,0.16042057,1782497953809,,0.0,43.11,59924.95,BTC-25DEC26,BTC,BTC,59924.95,0.0,0.16025,65000.0,1798185600000,put,0.003500000000000003,0.021840873634945416,1.0846900998665832,5075.050000000003,9602.9732375,False
0.009,0.0065,0.008,0.0,BTC-31JUL26-69000-C,0.007,0.008,878.9,0.00788058,1782497953809,6.6667,211.5,39.03,59924.95,BTC-31JUL26,BTC,BTC,59924.95,87103.02,0.0075,69000.0,1785484800000,call,0.001,0.13333333333333333,1.1514402598583728,0.0,449.437125,False
0.1035,0.0915,0.0915,0.0,BTC-28AUG26-63000-P,0.0925,0.096,105.9,0.09508953,1782497953809,-8.5,35.8,41.01,59924.95,BTC-28AUG26,BTC,BTC,59924.95,201993.32,0.09425,63000.0,1787904000000,put,0.003500000000000003,0.03713527851458889,1.0513150198706882,3075.050000000003,5647.9265374999995,False
,,0.4125,0.0,BTC-25DEC26-40000-C,0.3665,0.37,63.3,0.36823468,1782497953809,,0.0,56.8,59924.95,BTC-25DEC26,BTC,BTC,59924.95,0.0,0.36824999999999997,40000.0,1798185600000,call,0.003500000000000003,0.009504412763068577,0.6675015999178974,19924.949999999997,22067.362837499997,False
0.0043,0.0033,0.0037,0.0,BTC-17JUL26-68000-C,0.0034,0.0038,47.5,0.00378632,1782497953809,-5.1282,37.2,38.47,59924.95,BTC-17JUL26,BTC,BTC,59924.95,9238.59,0.0036,68000.0,1784275200000,call,0.0004000000000000002,0.11111111111111116,1.1347527198604255,0.0,215.72982,False
0.0677,0.052,0.052,0.0,BTC-28AUG26-58000-P,0.054,0.055,478.7,0.05463394,1782497953809,-14.7541,400.3,44.06,59924.95,BTC-28AUG26,BTC,BTC,59924.95,1414138.36,0.0545,58000.0,1787904000000,put,0.0010000000000000009,0.018348623853211024,0.9678773198809512,0.0,3265.9097749999996,False
,,0.17,0.0,BTC-10JUL26-70000-P,0.164,0.1705,0.7,0.16782213,1782497953809,,0.0,39.55,59924.95,BTC-10JUL26,BTC,BTC,59924.95,0.0,0.16725,70000.0,1783670400000,put,0.006500000000000006,0.03886397608370706,1.1681277998563204,10075.050000000003,10022.4478875,True
0.0235,0.016,0.0205,0.0,BTC-31JUL26-65000-C,0.019,0.02,1510.9,0.01958453,1782497953809,13.8889,598.9,39.51,59924.95,BTC-31JUL26,BTC,BTC,59924.95,734853.84,0.0195,65000.0,1785484800000,call,0.0010000000000000009,0.05128205128205133,1.0846900998665832,0.0,1168.536525,False
,,0.3265,0.0,BTC-28AUG26-81000-P,0.339,0.384,0.1,0.34819416,1782497953809,,0.0,38.97,59924.95,BTC-28AUG26,BTC,BTC,59924.95,0.0,0.36150000000000004,81000.0,1787904000000,put,0.044999999999999984,0.12448132780082982,1.351690739833742,21075.050000000003,21662.869425,False
0.0315,0.01,0.0105,0.0,BTC-29JUN26-60000-P,0.012,0.0135,78.1,0.01301196,1782497953809,-47.5,95.3,37.27,59924.95,index_price,BTC,BTC,59924.95,94789.17,0.012750000000000001,60000.0,1782720000000,put,0.0014999999999999996,0.11764705882352937,1.001252399876846,75.05000000000291,764.0431125,False
0.0175,0.0125,0.0125,0.0,BTC-28AUG26-46000-P,0.012,0.013,326.5,0.01253309,1782497953809,-13.7931,94.4,56.32,59924.95,BTC-28AUG26,BTC,BTC,59924.95,81617.1,0.0125,46000.0,1787904000000,put,0.0009999999999999992,0.07999999999999993,0.7676268399055819,0.0,749.061875,False
0.0835,0.0825,0.0835,0.0,BTC-25JUN27-80000-C,0.082,0.086,0.9,0.08384972,1782497953809,1.2121,0.4,43.15,59924.95,BTC-25JUN27,BTC,BTC,59924.95,1973.32,0.08399999999999999,80000.0,1813910400000,call,0.00399999999999999,0.0476190476190475,1.3350031998357947,0.0,5033.6957999999995,False
,,0.203,0.0,BTC-31JUL26-50000-C,0.177,0.18,2.3,0.17839767,1782497953809,,0.0,55.15,59924.95,BTC-31JUL26,BTC,BTC,59924.95,0.0,0.1785,50000.0,1785484800000,call,0.0030000000000000027,0.016806722689075647,0.8343769998973717,9924.949999999997,10696.603575,False
0.1202,0.118,0.118,0.0,BTC-25DEC26-62000-C,0.1145,0.117,130.1,0.115899,1782497953809,-1.8303,51.0,43.89,59924.95,BTC-25DEC26,BTC,BTC,59924.95,370293.99,0.11575,62000.0,1798185600000,call,0.0025000000000000022,0.02159827213822896,1.0346274798727408,0.0,6936.3129625,False
0.0775,0.0775,0.0775,0.0,BTC-25JUN27-82000-C,0.0755,0.079,20.4,0.07696773,1782497953809,0.0,0.4,43.07,59924.95,BTC-25JUN27,BTC,BTC,59924.95,1863.26,0.07725,82000.0,1813910400000,call,0.003500000000000003,0.04530744336569583,1.3683782798316895,0.0,4629.2023874999995,False
,,0.5075,0.0,BTC-25SEP26-30000-C,0.506,0.508,99.2,0.50651996,1782497953809,,0.0,75.78,59924.95,BTC-25SEP26,BTC,BTC,59924.95,0.0,0.507,30000.0,1790323200000,call,0.0020000000000000018,0.00394477317554241,0.500626199938423,29924.949999999997,30381.94965,False
,,,0.0,BTC-25JUN27-85000-P,0.4245,0.517,0.0,0.43226192,1782497953809,,0.0,42.95,59924.95,BTC-25JUN27,BTC,BTC,59924.95,0.0,0.47075,85000.0,1813910400000,put,0.09250000000000003,0.19649495485926718,1.4184408998255318,25075.050000000003,28209.670212499997,False
0.004,0.0022,0.0028,0.0,BTC-31JUL26-73000-C,0.0026,0.0028,1379.9,0.00282657,1782497953809,-9.6774,1105.8,38.85,59924.95,BTC-31JUL26,BTC,BTC,59924.95,223571.22,0.0027,73000.0,1785484800000,call,0.0002000000000000001,0.0740740740740741,1.2181904198501627,0.0,161.797365,False
0.1,0.09,0.1,0.0,BTC-3JUL26-66000-P,0.098,0.1045,73.5,0.10187044,1782497953809,10.4972,3.5,41.4,59924.95,BTC-3JUL26,BTC,BTC,59924.95,19292.66,0.10125,66000.0,1783065600000,put,0.006499999999999992,0.06419753086419745,1.1013776398645305,6075.050000000003,6067.4011875,True
0.1375,0.125,0.1375,0.0,BTC-25DEC26-60000-C,0.131,0.133,262.9,0.13196586,1782497953809,7.4219,0.5,44.5,59924.95,BTC-25DEC26,BTC,BTC,59924.95,3886.35,0.132,60000.0,1798185600000,call,0.0020000000000000018,0.015151515151515164,1.001252399876846,0.0,7910.0934,False
0.0587,0.0511,0.0511,0.0,BTC-29JUN26-63000-P,0.047,0.0555,62.5,0.05166751,1782497953809,-12.9472,62.5,35.21,59924.95,index_price,BTC,BTC,59924.95,202475.53,0.051250000000000004,63000.0,1782720000000,put,0.0085,0.16585365853658537,1.0513150198706882,3075.050000000003,3071.1536875,True
0.011,0.01,0.011,0.0,BTC-28AUG26-73000-C,0.009,0.01,303.6,0.00993233,1782497953809,10.0,10.5,38.86,59924.95,BTC-28AUG26,BTC,BTC,59924.95,6917.3,0.0095,73000.0,1787904000000,call,0.0010000000000000009,0.10526315789473693,1.2181904198501627,0.0,569.287025,False
0.0215,0.0145,0.0215,0.0,BTC-17JUL26-63000-C,0.0185,0.02,663.8,0.01921644,1782497953809,38.7097,662.7,40.51,59924.95,BTC-17JUL26,BTC,BTC,59924.95,751647.01,0.01925,63000.0,1784275200000,call,0.0015000000000000013,0.07792207792207799,1.0513150198706882,0.0,1153.5552874999998,False
0.115,0.1085,0.1125,0.0,BTC-26MAR27-55000-P,0.1025,0.1045,1338.9,0.10349472,1782497953809,-2.1739,0.3,46.73,59924.95,BTC-26MAR27,BTC,BTC,59924.95,1978.66,0.1035,55000.0,1806048000000,put,0.0020000000000000018,0.019323671497584557,0.9178146998871088,0.0,6202.232324999999,False
0.0385,0.023,0.033,0.0,BTC-17JUL26-61000-C,0.032,0.033,109.4,0.03274181,1782497953809,6.4516,4.4,42.52,59924.95,BTC-17JUL26,BTC,BTC,59924.95,8577.07,0.0325,61000.0,1784275200000,call,0.0010000000000000009,0.030769230769230795,1.0179399398747935,0.0,1947.560875,False
0.107,0.107,0.107,0.0,BTC-25SEP26-58000-C,0.106,0.1085,41.7,0.10696138,1782497953809,0.0,1.0,44.07,59924.95,BTC-25SEP26,BTC,BTC,59924.95,6397.94,0.10725,58000.0,1790323200000,call,0.0025000000000000022,0.023310023310023333,0.9678773198809512,1924.949999999997,6426.950887499999,False
0.06,0.044,0.0494,0.0,BTC-3JUL26-57000-C,0.0575,0.062,4.7,0.05908578,1782497953809,12.2727,4.2,53.28,59924.95,BTC-3JUL26,BTC,BTC,59924.95,12775.39,0.05975,57000.0,1783065600000,call,0.004499999999999997,0.07531380753138071,0.9511897798830037,2924.949999999997,3580.5157624999997,False
0.072,0.0575,0.0575,0.0,BTC-28AUG26-59000-P,0.0605,0.062,327.9,0.06126877,1782497953809,-10.8527,82.5,43.29,59924.95,BTC-28AUG26,BTC,BTC,59924.95,318997.27,0.06125,59000.0,1787904000000,put,0.0015000000000000013,0.02448979591836737,0.9845648598788985,0.0,3670.4031874999996,False
,,,0.0,BTC-28AUG26-48000-C,0.2175,0.2205,0.0,0.21853559,1782497953809,,0.0,53.83,59924.95,BTC-28AUG26,BTC,BTC,59924.95,0.0,0.219,48000.0,1787904000000,call,0.0030000000000000027,0.013698630136986313,0.8010019199014768,11924.949999999997,13123.564049999999,False
0.1485,0.129,0.129,0.0,BTC-3JUL26-68000-P,0.131,0.137,20.4,0.13466407,1782497953809,-13.1313,1.6,44.86,59924.95,BTC-3JUL26,BTC,BTC,59924.95,13467.21,0.134,68000.0,1783065600000,put,0.006000000000000005,0.044776119402985114,1.1347527198604255,8075.050000000003,8029.9433,True
0.0085,0.0055,0.0055,0.0,BTC-25SEP26-35000-P,0.0055,0.0065,718.9,0.00599982,1782497953809,-21.4286,155.0,68.53,59924.95,BTC-25SEP26,BTC,BTC,59924.95,73327.9,0.006,35000.0,1790323200000,put,0.001,0.16666666666666666,0.5840638999281602,0.0,359.5497,False
,,,0.0,BTC-10JUL26-48000-C,0.2005,0.2035,0.0,0.20228215,1782497953809,,0.0,70.79,59924.95,BTC-10JUL26,BTC,BTC,59924.95,0.0,0.202,48000.0,1783670400000,call,0.002999999999999975,0.014851485148514726,0.8010019199014768,11924.949999999997,12104.8399,False
0.1295,0.1145,0.1265,0.0,BTC-25SEP26-64000-P,0.116,0.119,496.8,0.11715189,1782497953809,-1.1719,18.1,41.09,59924.95,BTC-25SEP26,BTC,BTC,59924.95,130331.09,0.1175,64000.0,1790323200000,put,0.002999999999999989,0.025531914893616926,1.0680025598686358,4075.050000000003,7041.181624999999,False
0.0545,0.044,0.044,0.0,BTC-28AUG26-56000-P,0.0425,0.0435,325.4,0.04297234,1782497953809,-10.2041,37.2,45.57,59924.95,BTC-28AUG26,BTC,BTC,59924.95,102821.35,0.043,56000.0,1787904000000,put,0.000999999999999994,0.023255813953488233,0.9345022398850563,0.0,2576.77285,False
0.0355,0.0305,0.0325,0.0,BTC-25DEC26-80000-C,0.032,0.0325,6596.8,0.03219379,1782497953810,2.2013,179.6,41.68,59924.95,BTC-25DEC26,BTC,BTC,59924.95,349074.11,0.03225,80000.0,1798185600000,call,0.0005000000000000004,0.015503875968992262,1.3350031998357947,0.0,1932.5796375,False
0.013,0.0018,0.0018,0.0,BTC-28JUN26-58000-P,0.0014,0.0018,111.7,0.00167501,1782497953810,-67.2727,71.0,42.96,59924.95,index_price,BTC,BTC,59924.95,23426.28,0.0015999999999999999,58000.0,1782633600000,put,0.00039999999999999996,0.25,0.9678773198809512,0.0,95.87991999999998,False
0.173,0.1625,0.1705,0.0,BTC-26MAR27-60000-C,0.166,0.168,696.2,0.16676827,1782497953810,4.9231,2.2,45.32,59924.95,BTC-26MAR27,BTC,BTC,59924.95,22561.8,0.167,60000.0,1806048000000,call,0.0020000000000000018,0.011976047904191626,1.001252399876846,0.0,10007.46665,False
0.0485,0.042,0.0475,0.0,BTC-28AUG26-63000-C,0.0475,0.049,492.6,0.04836334,1782497953810,1.0638,102.6,41.01,59924.95,BTC-28AUG26,BTC,BTC,59924.95,293574.25,0.04825,63000.0,1787904000000,call,0.0015000000000000013,0.03108808290155443,1.0513150198706882,0.0,2891.3788375,False
0.043,0.0285,0.0315,0.0,BTC-17JUL26-58000-P,0.028,0.029,25.9,0.02844826,1782497953810,-12.5,28.6,46.22,59924.95,BTC-17JUL26,BTC,BTC,59924.95,56733.59,0.0285,58000.0,1784275200000,put,0.0010000000000000009,0.03508771929824565,0.9678773198809512,0.0,1707.861075,False
0.0017,0.0009,0.001,0.0,BTC-3JUL26-66000-C,0.0009,0.0011,1610.7,0.00098881,1782497953810,-23.0769,170.1,41.4,59924.95,BTC-3JUL26,BTC,BTC,59924.95,14864.42,0.001,66000.0,1783065600000,call,0.0002000000000000001,0.2000000000000001,1.1013776398645305,0.0,59.924949999999995,False
0.06,0.056,0.058,0.0,BTC-25DEC26-72000-C,0.0565,0.0585,1098.0,0.05742809,1782497953810,3.5714,4.2,41.96,59924.95,BTC-25DEC26,BTC,BTC,59924.95,14785.22,0.0575,72000.0,1798185600000,call,0.0020000000000000018,0.0347826086956522,1.2015028798522152,0.0,3445.684625,False
,,,0.0,BTC-10JUL26-52000-C,0.137,0.141,0.0,0.13865728,1782497953810,,0.0,60.19,59924.95,BTC-10JUL26,BTC,BTC,59924.95,0.0,0.139,52000.0,1783670400000,call,0.003999999999999976,0.02877697841726601,0.8677520798932665,7924.949999999997,8329.56805,False
0.011,0.0085,0.0095,0.0,BTC-25SEP26-78000-C,0.009,0.0095,3487.2,0.00940843,1782497953810,0.0,76.6,38.72,59924.95,BTC-25SEP26,BTC,BTC,59924.95,45775.78,0.00925,78000.0,1790323200000,call,0.0005000000000000004,0.054054054054054106,1.3016281198398998,0.0,554.3057875,False
0.008,0.005,0.0065,0.0,BTC-10JUL26-65000-C,0.005,0.006,378.0,0.00576355,1782497953810,18.1818,190.7,39.15,59924.95,BTC-10JUL26,BTC,BTC,59924.95,64555.04,0.0055,65000.0,1783670400000,call,0.001,0.18181818181818182,1.0846900998665832,0.0,329.587225,False
0.0285,0.0235,0.024,0.0,BTC-25DEC26-40000-P,0.0235,0.024,4001.4,0.0241042,1782497953810,-5.8824,86.4,56.8,59924.95,BTC-25DEC26,BTC,BTC,59924.95,132605.02,0.02375,40000.0,1798185600000,put,0.0005000000000000004,0.021052631578947385,0.6675015999178974,0.0,1423.2175625,False
,,,0.0,BTC-17JUL26-66000-P,0.1055,0.1095,0.0,0.1077848,1782497953810,,0.0,39.02,59924.95,BTC-17JUL26,BTC,BTC,59924.95,0.0,0.1075,66000.0,1784275200000,put,0.0040000000000000036,0.03720930232558143,1.1013776398645305,6075.050000000003,6441.932124999999,False
,,0.0765,0.0,BTC-28AUG26-66000-P,0.1255,0.129,147.3,0.12740408,1782497953810,,0.0,39.68,59924.95,BTC-28AUG26,BTC,BTC,59924.95,0.0,0.12725,66000.0,1787904000000,put,0.003500000000000003,0.027504911591355624,1.1013776398645305,6075.050000000003,7625.4498875,False
,,0.3638,0.0,BTC-3JUL26-80000-P,0.325,0.3575,1.1,0.33447267,1782497953810,,0.0,75.03,59924.95,BTC-3JUL26,BTC,BTC,59924.95,0.0,0.34125,80000.0,1783065600000,put,0.03249999999999997,0.09523809523809516,1.3350031998357947,20075.050000000003,20449.389187499997,False
,,,0.0,BTC-25JUN27-68000-P,0.227,0.235,0.0,0.23292824,1782497953810,,0.0,44.45,59924.95,BTC-25JUN27,BTC,BTC,59924.95,0.0,0.23099999999999998,68000.0,1813910400000,put,0.00799999999999998,0.03463203463203454,1.1347527198604255,8075.050000000003,13842.663449999998,False
,,0.331,0.0,BTC-25DEC26-85000-P,0.4125,0.4185,548.5,0.41603135,1782497953810,,0.0,41.68,59924.95,BTC-25DEC26,BTC,BTC,59924.95,0.0,0.4155,85000.0,1798185600000,put,0.006000000000000005,0.014440433212996403,1.4184408998255318,25075.050000000003,24898.816724999997,True
,,0.2815,0.0,BTC-25DEC26-84000-P,0.3935,0.404,47.0,0.40134868,1782497953810,,0.0,41.68,59924.95,BTC-25DEC26,BTC,BTC,59924.95,0.0,0.39875000000000005,84000.0,1798185600000,put,0.01050000000000001,0.02633228840125394,1.4017533598275844,24075.050000000003,23895.073812500003,True
0.05,0.032,0.035,0.0,BTC-17JUL26-59000-P,0.034,0.035,31.1,0.03441023,1782497953810,-7.8947,26.8,44.91,59924.95,BTC-17JUL26,BTC,BTC,59924.95,61123.9,0.0345,59000.0,1784275200000,put,0.0010000000000000009,0.028985507246376836,0.9845648598788985,0.0,2067.4107750000003,False
0.0995,0.075,0.0805,0.0,BTC-3JUL26-65000-P,0.084,0.088,215.2,0.08602489,1782497953810,-17.0103,4.6,41.14,59924.95,BTC-3JUL26,BTC,BTC,59924.95,22441.45,0.086,65000.0,1783065600000,put,0.00399999999999999,0.046511627906976626,1.0846900998665832,5075.050000000003,5153.5457,False
0.028,0.0105,0.0125,0.0,BTC-30JUN26-59500-P,0.0125,0.0135,98.4,0.01333012,1782497953810,-16.6667,107.8,42.66,59924.95,index_price,BTC,BTC,59924.95,100976.44,0.013000000000000001,59500.0,1782806400000,put,0.0009999999999999992,0.07692307692307686,0.9929086298778723,0.0,779.02435,False
,,0.4011,0.0,BTC-25SEP26-84000-P,0.387,0.402,34.1,0.395092,1782497953810,,0.0,39.16,59924.95,BTC-25SEP26,BTC,BTC,59924.95,0.0,0.3945,84000.0,1790323200000,put,0.015000000000000013,0.03802281368821296,1.4017533598275844,24075.050000000003,23640.392775,True
0.1125,0.1125,0.1125,0.0,BTC-25JUN27-72000-C,0.117,0.1205,0.2,0.11874766,1782497953810,0.0,0.2,43.86,59924.95,BTC-25JUN27,BTC,BTC,59924.95,1330.69,0.11875,72000.0,1813910400000,call,0.0034999999999999892,0.029473684210526225,1.2015028798522152,0.0,7116.087812499999,False
,,,0.0,BTC-17JUL26-52000-C,0.141,0.1435,0.0,0.1420346,1782497953810,,0.0,55.84,59924.95,BTC-17JUL26,BTC,BTC,59924.95,0.0,0.14225,52000.0,1784275200000,call,0.0025000000000000022,0.017574692442882265,0.8677520798932665,7924.949999999997,8524.324137499998,False
0.0585,0.0455,0.0585,0.0,BTC-17JUL26-61000-P,0.0485,0.05,35.8,0.0495515,1782497953810,8.3333,41.2,42.52,59924.95,BTC-17JUL26,BTC,BTC,59924.95,124664.94,0.04925,61000.0,1784275200000,put,0.0015000000000000013,0.030456852791878198,1.0179399398747935,1075.050000000003,2951.3037875,False
0.0016,0.0007,0.0007,0.0,BTC-10JUL26-70000-C,0.0006,0.0007,685.1,0.00065027,1782497953810,-36.3636,56.3,39.55,59924.95,BTC-10JUL26,BTC,BTC,59924.95,4181.91,0.00065,70000.0,1783670400000,call,0.00010000000000000005,0.1538461538461539,1.1681277998563204,0.0,38.9512175,False
0.0036,0.0004,0.0004,0.0,BTC-28JUN26-62000-C,0.0004,0.0005,90.1,0.000413,1782497953810,-75.0,51.7,31.06,59924.95,index_price,BTC,BTC,59924.95,4259.0,0.00045,62000.0,1782633600000,call,9.999999999999999e-05,0.2222222222222222,1.0346274798727408,0.0,26.9662275,False
0.021,0.0085,0.0085,0.0,BTC-30JUN26-59000-P,0.01,0.011,225.6,0.01053746,1782497953810,-26.087,241.0,44.14,59924.95,index_price,BTC,BTC,59924.95,241427.44,0.010499999999999999,59000.0,1782806400000,put,0.0009999999999999992,0.09523809523809516,0.9845648598788985,0.0,629.2119749999999,False
0.094,0.0815,0.091,0.0,BTC-25SEP26-60000-C,0.0875,0.089,391.4,0.08827781,1782497953810,7.0588,29.9,42.99,59924.95,BTC-25SEP26,BTC,BTC,59924.95,161268.45,0.08825,60000.0,1790323200000,call,0.0015000000000000013,0.016997167138810214,1.001252399876846,0.0,5288.376837499999,False
0.0355,0.0265,0.032,0.0,BTC-28AUG26-66000-C,0.03,0.0315,253.0,0.03083378,1782497953810,6.6667,35.0,39.68,59924.95,BTC-28AUG26,BTC,BTC,59924.95,60358.26,0.03075,66000.0,1787904000000,call,0.0015000000000000013,0.04878048780487809,1.1013776398645305,0.0,1842.6922124999999,False
,,0.3485,0.0,BTC-31JUL26-84000-P,0.391,0.4055,31.6,0.39927847,1782497953810,,0.0,45.18,59924.95,BTC-31JUL26,BTC,BTC,59924.95,0.0,0.39825,84000.0,1785484800000,put,0.014500000000000013,0.036409290646578815,1.4017533598275844,24075.050000000003,23865.1113375,True
0.158,0.158,0.158,0.0,BTC-25JUN27-58000-P,0.1405,0.1455,0.1,0.14321714,1782497953810,0.0,0.1,46.07,59924.95,BTC-25JUN27,BTC,BTC,59924.95,926.25,0.14300000000000002,58000.0,1813910400000,put,0.004999999999999977,0.0349650349650348,0.9678773198809512,0.0,8569.26785,False
0.0995,0.0995,0.0995,0.0,BTC-28AUG26-64000-P,0.1035,0.106,205.9,0.10519819,1782497953810,0.0,2.7,40.52,59924.95,BTC-28AUG26,BTC,BTC,59924.95,16278.17,0.10475,64000.0,1787904000000,put,0.0025000000000000022,0.023866348448687374,1.0680025598686358,4075.050000000003,6277.1385125,False
0.0115,0.0032,0.004,0.0,BTC-28JUN26-60500-C,0.0039,0.0044,84.6,0.00415885,1782497953810,-42.8571,40.7,30.5,59924.95,index_price,BTC,BTC,59924.95,16168.98,0.00415,60500.0,1782633600000,call,0.0005000000000000004,0.12048192771084348,1.0095961698758198,0.0,248.68854249999998,False
0.1065,0.1055,0.1055,0.0,BTC-25JUN27-74000-C,0.107,0.111,11.0,0.10894443,1782497953810,-0.939,1.0,43.65,59924.95,BTC-25JUN27,BTC,BTC,59924.95,6281.64,0.109,74000.0,1813910400000,call,0.0040000000000000036,0.03669724770642205,1.23487795984811,0.0,6531.819549999999,False
0.1435,0.1435,0.1435,0.0,BTC-25JUN27-68000-C,0.139,0.1435,0.2,0.14124849,1782497953810,0.0,0.2,44.45,59924.95,BTC-25JUN27,BTC,BTC,59924.95,1733.94,0.14125,68000.0,1813910400000,call,0.004499999999999976,0.03185840707964585,1.1347527198604255,0.0,8464.3991875,False
0.0165,0.013,0.0145,0.0,BTC-25SEP26-75000-C,0.014,0.0145,2243.4,0.0143302,1782497953810,0.0,280.9,38.95,59924.95,BTC-25SEP26,BTC,BTC,59924.95,231309.35,0.01425,75000.0,1790323200000,call,0.0005000000000000004,0.03508771929824565,1.2515654998460575,0.0,853.9305375,False
,,,0.0,BTC-17JUL26-54000-C,0.1115,0.1145,0.0,0.1130239,1782497953810,,0.0,52.54,59924.95,BTC-17JUL26,BTC,BTC,59924.95,0.0,0.113,54000.0,1784275200000,call,0.0030000000000000027,0.026548672566371705,0.9011271598891614,5924.949999999997,6771.51935,False
,,,0.0,BTC-28AUG26-83000-P,0.372,0.4165,0.0,0.38074989,1782497953810,,0.0,39.3,59924.95,BTC-28AUG26,BTC,BTC,59924.95,0.0,0.39425,83000.0,1787904000000,put,0.044499999999999984,0.11287254280279008,1.385065819829637,23075.050000000003,23625.411537499996,False
0.0165,0.0047,0.009,0.0,BTC-29JUN26-60500-C,0.0075,0.0085,45.1,0.00800637,1782497953810,0.0,35.9,36.05,59924.95,index_price,BTC,BTC,59924.95,19651.07,0.008,60500.0,1782720000000,call,0.0010000000000000009,0.1250000000000001,1.0095961698758198,0.0,479.39959999999996,False
0.1935,0.1935,0.1935,0.0,BTC-26MAR27-65000-P,0.1815,0.186,636.4,0.18457369,1782497953810,0.0,0.1,44.24,59924.95,BTC-26MAR27,BTC,BTC,59924.95,1146.34,0.18375,65000.0,1806048000000,put,0.004500000000000004,0.02448979591836737,1.0846900998665832,5075.050000000003,11011.2095625,False
0.0185,0.0135,0.0165,0.0,BTC-31JUL26-66000-C,0.015,0.016,1077.0,0.0155714,1782497953810,10.0,77.6,39.13,59924.95,BTC-31JUL26,BTC,BTC,59924.95,64664.91,0.0155,66000.0,1785484800000,call,0.0010000000000000009,0.06451612903225812,1.1013776398645305,0.0,928.836725,False
0.0195,0.0105,0.0105,0.0,BTC-10JUL26-55000-P,0.0105,0.0115,786.9,0.01104123,1782497953810,-27.5862,256.2,53.45,59924.95,BTC-10JUL26,BTC,BTC,59924.95,195102.11,0.011,55000.0,1783670400000,put,0.0009999999999999992,0.09090909090909084,0.9178146998871088,0.0,659.17445,False
0.023,0.02,0.0215,0.0,BTC-25DEC26-86000-C,0.02,0.021,202.2,0.02071042,1782497953810,4.878,3.7,41.68,59924.95,BTC-25DEC26,BTC,BTC,59924.95,4634.58,0.0205,86000.0,1798185600000,call,0.0010000000000000009,0.04878048780487809,1.4351284398234794,0.0,1228.461475,False
0.021,0.0125,0.0208,0.0,BTC-10JUL26-62000-C,0.0175,0.0185,258.5,0.01820331,1782497953810,60.0,50.9,41.37,59924.95,BTC-10JUL26,BTC,BTC,59924.95,57732.72,0.018000000000000002,62000.0,1783670400000,call,0.0009999999999999974,0.05555555555555541,1.0346274798727408,0.0,1078.6491,False
0.0175,0.01,0.011,0.0,BTC-31JUL26-50000-P,0.0105,0.0115,2769.9,0.01104657,1782497953810,-21.4286,338.4,55.15,59924.95,BTC-31JUL26,BTC,BTC,59924.95,274191.55,0.011,50000.0,1785484800000,put,0.0009999999999999992,0.09090909090909084,0.8343769998973717,0.0,659.17445,False
0.0523,0.0523,0.0523,0.0,BTC-25DEC26-74000-C,0.049,0.0505,58.2,0.04958918,1782497953810,0.0,0.1,41.77,59924.95,BTC-25DEC26,BTC,BTC,59924.95,315.86,0.04975,74000.0,1798185600000,call,0.0015000000000000013,0.030150753768844248,1.23487795984811,0.0,2981.2662625,False
0.2245,0.2245,0.2245,0.0,BTC-31JUL26-73000-P,0.2145,0.2205,97.7,0.21849396,1782497953810,0.0,1.7,38.85,59924.95,BTC-31JUL26,BTC,BTC,59924.95,22831.97,0.2175,73000.0,1785484800000,put,0.006000000000000005,0.027586206896551748,1.2181904198501627,13075.050000000003,13033.676625,True
0.0785,0.066,0.0665,0.0,BTC-25SEP26-58000-P,0.0665,0.068,533.8,0.06731099,1782497953810,-13.0719,15.6,44.07,59924.95,BTC-25SEP26,BTC,BTC,59924.95,68258.52,0.06725,58000.0,1790323200000,put,0.0015000000000000013,0.022304832713754667,0.9678773198809512,0.0,4029.9528875,False
,,0.221,0.0,BTC-25DEC26-54000-C,0.188,0.191,33.1,0.18938782,1782497953811,,0.0,46.92,59924.95,BTC-25DEC26,BTC,BTC,59924.95,0.0,0.1895,54000.0,1798185600000,call,0.0030000000000000027,0.015831134564643815,0.9011271598891614,5924.949999999997,11355.778025,False
0.016,0.0115,0.0125,0.0,BTC-30JUN26-60000-C,0.015,0.016,21.5,0.01581182,1782497953811,-21.875,33.5,41.24,59924.95,index_price,BTC,BTC,59924.95,27605.59,0.0155,60000.0,1782806400000,call,0.0010000000000000009,0.06451612903225812,1.001252399876846,0.0,928.836725,False
0.0101,0.0055,0.0055,0.0,BTC-31JUL26-46000-P,0.0055,0.0065,997.7,0.00601767,1782497953811,-35.2941,446.7,61.68,59924.95,BTC-31JUL26,BTC,BTC,59924.95,209643.8,0.006,46000.0,1785484800000,put,0.001,0.16666666666666666,0.7676268399055819,0.0,359.5497,False
0.051,0.0375,0.045,0.0,BTC-31JUL26-61000-C,0.044,0.045,291.9,0.04460427,1782497953811,7.1429,49.3,42.19,59924.95,BTC-31JUL26,BTC,BTC,59924.95,118182.71,0.0445,61000.0,1785484800000,call,0.0010000000000000009,0.02247191011235957,1.0179399398747935,0.0,2666.6602749999997,False
,,,0.0,BTC-25JUN27-72000-P,0.269,0.2765,0.0,0.27464387,1782497953811,,0.0,43.86,59924.95,BTC-25JUN27,BTC,BTC,59924.95,0.0,0.27275000000000005,72000.0,1813910400000,put,0.007500000000000007,0.027497708524289663,1.2015028798522152,12075.050000000003,16344.530112500002,False
,,0.364,0.0,BTC-25DEC26-45000-C,0.297,0.3,49.2,0.29815033,1782497953811,,0.0,52.23,59924.95,BTC-25DEC26,BTC,BTC,59924.95,0.0,0.2985,45000.0,1798185600000,call,0.0030000000000000027,0.010050251256281416,0.7509392999076345,14924.949999999997,17887.597575,False
0.1325,0.125,0.1325,0.0,BTC-25JUN27-70000-C,0.1275,0.1315,8.3,0.12949345,1782497953811,4.7431,1.4,44.12,59924.95,BTC-25JUN27,BTC,BTC,59924.95,11020.45,0.1295,70000.0,1813910400000,call,0.0040000000000000036,0.030888030888030913,1.1681277998563204,0.0,7760.281025,False
0.203,0.203,0.203,0.0,BTC-25DEC26-68000-P,0.1895,0.1935,300.6,0.19164036,1782497953811,0.0,0.5,42.51,59924.95,BTC-25DEC26,BTC,BTC,59924.95,6000.87,0.1915,68000.0,1798185600000,put,0.0040000000000000036,0.020887728459530044,1.1347527198604255,8075.050000000003,11475.627924999999,False
0.35,0.35,0.35,0.0,BTC-25JUN27-78000-P,0.3375,0.3495,0.1,0.3438423,1782497953811,0.0,0.1,43.32,59924.95,BTC-25JUN27,BTC,BTC,59924.95,2081.07,0.3435,78000.0,1813910400000,put,0.011999999999999955,0.03493449781659375,1.3016281198398998,18075.050000000003,20584.220325000002,False
0.0055,0.0048,0.0048,0.0,BTC-25SEP26-84000-C,0.0041,0.0046,696.6,0.00428615,1782497953811,-4.0,5.8,39.16,59924.95,BTC-25SEP26,BTC,BTC,59924.95,1776.41,0.00435,84000.0,1790323200000,call,0.0004999999999999996,0.1149425287356321,1.4017533598275844,0.0,260.67353249999996,False
0.0763,0.0565,0.06,0.0,BTC-31JUL26-61000-P,0.06,0.061,415.6,0.06047285,1782497953811,-1.6393,63.1,42.19,59924.95,BTC-31JUL26,BTC,BTC,59924.95,241048.5,0.0605,61000.0,1785484800000,put,0.0010000000000000009,0.016528925619834725,1.0179399398747935,1075.050000000003,3625.4594749999997,False
0.131,0.1305,0.1305,0.0,BTC-25SEP26-65000-P,0.126,0.1295,674.5,0.12751874,1782497953811,-0.3817,0.2,40.79,59924.95,BTC-25SEP26,BTC,BTC,59924.95,1563.68,0.12775,65000.0,1790323200000,put,0.003500000000000003,0.027397260273972626,1.0846900998665832,5075.050000000003,7655.4123625,False
0.051,0.028,0.0325,0.0,BTC-3JUL26-61000-P,0.033,0.0345,415.0,0.03346478,1782497953811,-1.5152,43.1,43.91,59924.95,BTC-3JUL26,BTC,BTC,59924.95,79409.18,0.03375,61000.0,1783065600000,put,0.0015000000000000013,0.04444444444444448,1.0179399398747935,1075.050000000003,2022.4670625,False
0.0735,0.0635,0.0735,0.0,BTC-31JUL26-58000-C,0.072,0.074,30.3,0.07284625,1782497953811,9.7015,4.0,44.89,59924.95,BTC-31JUL26,BTC,BTC,59924.95,15522.05,0.073,58000.0,1785484800000,call,0.0020000000000000018,0.02739726027397263,0.9678773198809512,1924.949999999997,4374.521349999999,False
0.0415,0.0295,0.0385,0.0,BTC-31JUL26-62000-C,0.0365,0.0375,1525.3,0.037037,1782497953811,19.5652,681.1,41.44,59924.95,BTC-31JUL26,BTC,BTC,59924.95,1522841.63,0.037,62000.0,1785484800000,call,0.0010000000000000009,0.027027027027027053,1.0346274798727408,0.0,2217.22315,False
0.3745,0.3355,0.374,0.0,BTC-25SEP26-80000-P,0.328,0.335,618.4,0.33192275,1782497953811,5.7992,0.7,38.98,59924.95,BTC-25SEP26,BTC,BTC,59924.95,14959.88,0.3315,80000.0,1790323200000,put,0.007000000000000006,0.021116138763197605,1.3350031998357947,20075.050000000003,19865.120925,True
0.0205,0.009,0.01,0.0,BTC-3JUL26-57000-P,0.0095,0.01,312.3,0.00984719,1782497953811,-23.0769,369.7,53.28,59924.95,BTC-3JUL26,BTC,BTC,59924.95,317633.74,0.00975,57000.0,1783065600000,put,0.0005000000000000004,0.05128205128205133,0.9511897798830037,0.0,584.2682625,False
0.0341,0.022,0.022,0.0,BTC-17JUL26-57000-P,0.023,0.024,65.1,0.02342892,1782497953811,-26.6667,65.2,47.61,59924.95,BTC-17JUL26,BTC,BTC,59924.95,95690.2,0.0235,57000.0,1784275200000,put,0.0010000000000000009,0.04255319148936174,0.9511897798830037,0.0,1408.2363249999999,False
,,0.104,0.0,BTC-26MAR27-54000-P,0.096,0.098,40.5,0.09702874,1782497953811,,0.0,47.06,59924.95,BTC-26MAR27,BTC,BTC,59924.95,0.0,0.097,54000.0,1806048000000,put,0.0020000000000000018,0.020618556701030945,0.9011271598891614,0.0,5812.72015,False
,,,0.0,BTC-10JUL26-73000-P,0.209,0.234,0.0,0.21742991,1782497953811,,0.0,42.28,59924.95,BTC-10JUL26,BTC,BTC,59924.95,0.0,0.2215,73000.0,1783670400000,put,0.025000000000000022,0.1128668171557563,1.2181904198501627,13075.050000000003,13273.376425,False
0.14,0.14,0.14,0.0,BTC-26MAR27-60000-P,0.139,0.142,565.5,0.14031004,1782497953811,0.0,4.2,45.32,59924.95,BTC-26MAR27,BTC,BTC,59924.95,35263.31,0.1405,60000.0,1806048000000,put,0.002999999999999975,0.021352313167259607,1.001252399876846,75.05000000000291,8419.455475,False
0.06,0.0425,0.054,0.0,BTC-31JUL26-60000-C,0.0525,0.0535,458.7,0.05304402,1782497953811,13.6842,255.3,42.95,59924.95,BTC-31JUL26,BTC,BTC,59924.95,762791.55,0.053,60000.0,1785484800000,call,0.0010000000000000009,0.018867924528301903,1.001252399876846,0.0,3176.0223499999997,False
0.1,0.09,0.0965,0.0,BTC-25DEC26-65000-C,0.0935,0.0955,664.8,0.09463259,1782497953811,-3.5,7.2,43.11,59924.95,BTC-25DEC26,BTC,BTC,59924.95,38733.66,0.0945,65000.0,1798185600000,call,0.0020000000000000018,0.021164021164021184,1.0846900998665832,0.0,5662.907775,False
0.097,0.0842,0.0915,0.0,BTC-31JUL26-56000-C,0.0945,0.097,35.0,0.09588688,1782497953811,8.6698,5.4,47.1,59924.95,BTC-31JUL26,BTC,BTC,59924.95,26938.43,0.09575,56000.0,1785484800000,call,0.0025000000000000022,0.026109660574412556,0.9345022398850563,3924.949999999997,5737.813962499999,False
0.0185,0.0045,0.0055,0.0,BTC-28JUN26-59500-P,0.005,0.006,119.6,0.00551388,1782497953811,-65.625,113.6,33.18,59924.95,index_price,BTC,BTC,59924.95,59288.57,0.0055,59500.0,1782633600000,put,0.001,0.18181818181818182,0.9929086298778723,0.0,329.587225,False
,,,0.0,BTC-28AUG26-53000-C,0.148,0.151,0.0,0.14914757,1782497953811,,0.0,48.27,59924.95,BTC-28AUG26,BTC,BTC,59924.95,0.0,0.1495,53000.0,1787904000000,call,0.0030000000000000027,0.02006688963210704,0.884439619891214,6924.949999999997,8958.780025,False
0.0685,0.049,0.0515,0.0,BTC-31JUL26-60000-P,0.0515,0.053,1808.3,0.05230307,1782497953811,-8.8496,276.4,42.95,59924.95,BTC-31JUL26,BTC,BTC,59924.95,872138.68,0.05225,60000.0,1785484800000,put,0.0015000000000000013,0.028708133971291894,1.001252399876846,75.05000000000291,3131.0786375,False
0.0245,0.019,0.021,0.0,BTC-25SEP26-72000-C,0.0205,0.0215,1913.1,0.02105317,1782497953811,2.439,43.5,38.99,59924.95,BTC-25SEP26,BTC,BTC,59924.95,55530.75,0.020999999999999998,72000.0,1790323200000,call,0.0009999999999999974,0.0476190476190475,1.2015028798522152,0.0,1258.4239499999999,False
0.198,0.185,0.198,0.0,BTC-25SEP26-70000-P,0.184,0.189,1518.7,0.1864768,1782497953811,7.027,5.3,39.35,59924.95,BTC-25SEP26,BTC,BTC,59924.95,59565.81,0.1865,70000.0,1790323200000,put,0.0050000000000000044,0.026809651474530856,1.1681277998563204,10075.050000000003,11176.003175,False
0.041,0.036,0.038,0.0,BTC-25DEC26-45000-P,0.0355,0.0365,2266.0,0.03600354,1782497953811,2.7027,304.1,52.23,59924.95,BTC-25DEC26,BTC,BTC,59924.95,662323.73,0.036,45000.0,1798185600000,put,0.0010000000000000009,0.027777777777777804,0.7509392999076345,0.0,2157.2981999999997,False
,,,0.0,BTC-17JUL26-48000-C,0.2025,0.207,0.0,0.20412097,1782497953811,,0.0,63.85,59924.95,BTC-17JUL26,BTC,BTC,59924.95,0.0,0.20475,48000.0,1784275200000,call,0.004499999999999976,0.021978021978021862,0.8010019199014768,11924.949999999997,12269.633512499999,False
0.042,0.022,0.0385,0.0,BTC-3JUL26-59000-C,0.0335,0.035,219.0,0.03433134,1782497953811,22.2222,141.3,48.24,59924.95,BTC-3JUL26,BTC,BTC,59924.95,264857.51,0.03425,59000.0,1783065600000,call,0.0015000000000000013,0.04379562043795624,0.9845648598788985,924.9499999999971,2052.4295375,False
0.0011,0.0004,0.0005,0.0,BTC-3JUL26-68000-C,0.0004,0.0005,1692.7,0.0004224,1782497953811,-37.5,304.5,44.86,59924.95,BTC-3JUL26,BTC,BTC,59924.95,16355.91,0.00045,68000.0,1783065600000,call,9.999999999999999e-05,0.2222222222222222,1.1347527198604255,0.0,26.9662275,False
0.041,0.026,0.037,0.0,BTC-10JUL26-60000-C,0.033,0.0345,125.7,0.03384548,1782497953811,17.4603,55.0,44.28,59924.95,BTC-10JUL26,BTC,BTC,59924.95,103926.66,0.03375,60000.0,1783670400000,call,0.0015000000000000013,0.04444444444444448,1.001252399876846,0.0,2022.4670625,False
0.2,0.188,0.196,0.0,BTC-25JUN27-60000-C,0.1935,0.198,900.6,0.19569221,1782497953811,-2.0,0.6,45.61,59924.95,BTC-25JUN27,BTC,BTC,59924.95,6948.48,0.19575,60000.0,1813910400000,call,0.004500000000000004,0.022988505747126457,1.001252399876846,0.0,11730.3089625,False
0.012,0.004,0.0042,0.0,BTC-30JUN26-57000-P,0.0039,0.0044,63.7,0.0042756,1782497953811,-30.0,76.9,51.7,59924.95,index_price,BTC,BTC,59924.95,33860.86,0.00415,57000.0,1782806400000,put,0.0005000000000000004,0.12048192771084348,0.9511897798830037,0.0,248.68854249999998,False
0.035,0.024,0.024,0.0,BTC-31JUL26-55000-P,0.0235,0.025,589.5,0.0242768,1782497953811,-7.6923,658.9,48.26,59924.95,BTC-31JUL26,BTC,BTC,59924.95,1050158.47,0.02425,55000.0,1785484800000,put,0.0015000000000000013,0.061855670103092834,0.9178146998871088,0.0,1453.1800375,False
0.0085,0.006,0.0085,0.0,BTC-17JUL26-66000-C,0.007,0.008,188.6,0.00763004,1782497953811,21.4286,195.6,39.02,59924.95,BTC-17JUL26,BTC,BTC,59924.95,79879.97,0.0075,66000.0,1784275200000,call,0.001,0.13333333333333333,1.1013776398645305,0.0,449.437125,False
0.0034,0.0015,0.0018,0.0,BTC-3JUL26-65000-C,0.0017,0.0019,1764.6,0.0018233,1782497953811,-10.0,864.9,41.14,59924.95,BTC-3JUL26,BTC,BTC,59924.95,118417.94,0.0018,65000.0,1783065600000,call,0.0002000000000000001,0.11111111111111116,1.0846900998665832,0.0,107.86491,False
,,,0.0,BTC-31JUL26-45000-C,0.253,0.2885,0.0,0.25588706,1782497953811,,0.0,63.66,59924.95,BTC-31JUL26,BTC,BTC,59924.95,0.0,0.27075,45000.0,1785484800000,call,0.035499999999999976,0.1311172668513388,0.7509392999076345,14924.949999999997,16224.6802125,False
,,,0.0,BTC-10JUL26-54000-C,0.107,0.11,0.0,0.10845549,1782497953811,,0.0,55.66,59924.95,BTC-10JUL26,BTC,BTC,59924.95,0.0,0.1085,54000.0,1783670400000,call,0.0030000000000000027,0.027649769585253482,0.9011271598891614,5924.949999999997,6501.857075,False
0.0035,0.0034,0.0034,0.0,BTC-28AUG26-80000-C,0.0025,0.003,532.4,0.00289959,1782497953811,-2.8571,1.7,38.97,59924.95,BTC-28AUG26,BTC,BTC,59924.95,352.03,0.00275,80000.0,1787904000000,call,0.0005,0.18181818181818182,1.3350031998357947,0.0,164.7936125,False
0.097,0.078,0.081,0.0,BTC-25SEP26-60000-P,0.081,0.0825,4176.4,0.08174305,1782497953811,-7.9545,83.7,42.99,59924.95,BTC-25SEP26,BTC,BTC,59924.95,425837.2,0.08175,60000.0,1790323200000,put,0.0015000000000000013,0.018348623853211024,1.001252399876846,75.05000000000291,4898.8646625,False
0.251,0.2308,0.235,0.0,BTC-25DEC26-72000-P,0.2355,0.2405,337.4,0.23799323,1782497953811,-6.3745,11.1,41.96,59924.95,BTC-25DEC26,BTC,BTC,59924.95,156503.73,0.238,72000.0,1798185600000,put,0.0050000000000000044,0.021008403361344557,1.2015028798522152,12075.050000000003,14262.138099999998,False
,,0.222,0.0,BTC-26MAR27-56000-C,0.2005,0.204,16.9,0.20158267,1782497953811,,0.0,46.4,59924.95,BTC-26MAR27,BTC,BTC,59924.95,0.0,0.20224999999999999,56000.0,1806048000000,call,0.0034999999999999754,0.01730531520395538,0.9345022398850563,3924.949999999997,12119.8211375,False
0.103,0.0825,0.0825,0.0,BTC-28AUG26-62000-P,0.0845,0.0865,571.8,0.08563826,1782497953811,-11.7647,80.1,41.53,59924.95,BTC-28AUG26,BTC,BTC,59924.95,479422.5,0.08549999999999999,62000.0,1787904000000,put,0.001999999999999988,0.023391812865496936,1.0346274798727408,2075.050000000003,5123.583224999999,False
0.0225,0.006,0.007,0.0,BTC-29JUN26-59000-P,0.0065,0.0075,198.4,0.0071938,1782497953811,-50.0,227.9,40.98,59924.95,index_price,BTC,BTC,59924.95,173053.43,0.006999999999999999,59000.0,1782720000000,put,0.001,0.14285714285714288,0.9845648598788985,0.0,419.47464999999994,False
,,0.358,0.0,BTC-31JUL26-83000-P,0.3745,0.389,29.5,0.38262865,1782497953811,,0.0,43.83,59924.95,BTC-31JUL26,BTC,BTC,59924.95,0.0,0.38175000000000003,83000.0,1785484800000,put,0.014500000000000013,0.037982973149967285,1.385065819829637,23075.050000000003,22876.3496625,True
,,0.186,0.0,BTC-25DEC26-56000-C,0.168,0.17,39.6,0.16883459,1782497953811,,0.0,46.05,59924.95,BTC-25DEC26,BTC,BTC,59924.95,0.0,0.169,56000.0,1798185600000,call,0.0020000000000000018,0.011834319526627229,0.9345022398850563,3924.949999999997,10127.31655,False
0.046,0.036,0.036,0.0,BTC-25SEP26-52000-P,0.0355,0.037,519.8,0.03621513,1782497953811,-10.0,373.0,48.33,59924.95,BTC-25SEP26,BTC,BTC,59924.95,951196.7,0.03625,52000.0,1790323200000,put,0.0015000000000000013,0.04137931034482763,0.8677520798932665,0.0,2172.2794375,False
0.0225,0.0225,0.0225,0.0,BTC-30JUN26-60500-P,0.02,0.0215,0.2,0.02100669,1782497953811,0.0,0.2,40.2,59924.95,index_price,BTC,BTC,59924.95,269.87,0.020749999999999998,60500.0,1782806400000,put,0.0014999999999999979,0.07228915662650592,1.0095961698758198,575.0500000000029,1243.4427124999997,False
0.038,0.035,0.035,0.0,BTC-26MAR27-40000-P,0.035,0.0365,1063.4,0.03555838,1782497953811,-7.8947,14.2,54.11,59924.95,BTC-26MAR27,BTC,BTC,59924.95,30894.17,0.035750000000000004,40000.0,1806048000000,put,0.0014999999999999944,0.04195804195804179,0.6675015999178974,0.0,2142.3169625,False
0.0395,0.032,0.032,0.0,BTC-3JUL26-58000-C,0.0455,0.047,113.3,0.04599341,1782497953811,-18.9873,4.6,50.54,59924.95,BTC-3JUL26,BTC,BTC,59924.95,9149.84,0.04625,58000.0,1783065600000,call,0.0015000000000000013,0.03243243243243246,0.9678773198809512,1924.949999999997,2771.5289374999998,False
0.2705,0.27,0.27,0.0,BTC-31JUL26-77000-P,0.276,0.289,249.4,0.28338634,1782497953811,-0.1848,1.3,39.92,59924.95,BTC-31JUL26,BTC,BTC,59924.95,21301.28,0.2825,77000.0,1785484800000,put,0.012999999999999956,0.046017699115044094,1.2849405798419524,17075.050000000003,16928.798375,True
0.0037,0.0009,0.0009,0.0,BTC-29JUN26-55000-P,0.0008,0.001,188.3,0.0009154,1782497953811,-73.5294,227.1,60.65,59924.95,index_price,BTC,BTC,59924.95,41642.59,0.0009,55000.0,1782720000000,put,0.00019999999999999998,0.2222222222222222,0.9178146998871088,0.0,53.932455,False
0.1205,0.1205,0.1205,0.0,BTC-26MAR27-56000-P,0.109,0.1115,73.1,0.11022162,1782497953811,0.0,0.1,46.4,59924.95,BTC-26MAR27,BTC,BTC,59924.95,708.75,0.11025,56000.0,1806048000000,put,0.0025000000000000022,0.022675736961451268,0.9345022398850563,0.0,6606.7257375,False
0.034,0.016,0.0175,0.0,BTC-3JUL26-59000-P,0.018,0.019,987.0,0.01845279,1782497953811,-22.2222,1147.0,48.24,59924.95,BTC-3JUL26,BTC,BTC,59924.95,1530004.55,0.0185,59000.0,1783065600000,put,0.0010000000000000009,0.054054054054054106,0.9845648598788985,0.0,1108.611575,False
,,,0.0,BTC-25JUN27-56000-C,0.2275,0.2335,0.0,0.22961328,1782497953811,,0.0,46.62,59924.95,BTC-25JUN27,BTC,BTC,59924.95,0.0,0.2305,56000.0,1813910400000,call,0.006000000000000005,0.026030368763557507,0.9345022398850563,3924.949999999997,13812.700975,False
0.06,0.051,0.06,0.0,BTC-25SEP26-64000-C,0.0565,0.058,202.2,0.05744224,1782497953811,8.1081,2.5,41.09,59924.95,BTC-25SEP26,BTC,BTC,59924.95,8057.63,0.05725,64000.0,1790323200000,call,0.0015000000000000013,0.026200873362445438,1.0680025598686358,0.0,3430.7033875,False
0.0092,0.006,0.0065,0.0,BTC-28AUG26-40000-P,0.0055,0.0065,345.8,0.00600683,1782497953811,-18.75,187.9,64.71,59924.95,BTC-28AUG26,BTC,BTC,59924.95,96188.42,0.006,40000.0,1787904000000,put,0.001,0.16666666666666666,0.6675015999178974,0.0,359.5497,False
,,,0.0,BTC-31JUL26-46000-C,0.2385,0.2415,0.0,0.23998069,1782497953811,,0.0,61.68,59924.95,BTC-31JUL26,BTC,BTC,59924.95,0.0,0.24,46000.0,1785484800000,call,0.0030000000000000027,0.012500000000000011,0.7676268399055819,13924.949999999997,14381.988,False
0.0825,0.0825,0.0825,0.0,BTC-31JUL26-57000-C,0.0825,0.0855,1.4,0.08402594,1782497953811,0.0,0.2,45.96,59924.95,BTC-31JUL26,BTC,BTC,59924.95,985.35,0.084,57000.0,1785484800000,call,0.0030000000000000027,0.03571428571428575,0.9511897798830037,2924.949999999997,5033.6958,False
,,0.2861,0.0,BTC-25DEC26-50000-C,0.2335,0.2365,259.9,0.234678,1782497953811,,0.0,48.99,59924.95,BTC-25DEC26,BTC,BTC,59924.95,0.0,0.235,50000.0,1798185600000,call,0.002999999999999975,0.012765957446808404,0.8343769998973717,9924.949999999997,14082.363249999999,False
0.0675,0.0675,0.0675,0.0,BTC-10JUL26-56000-C,0.0785,0.0815,12.8,0.0802014,1782497953811,0.0,1.0,51.53,59924.95,BTC-10JUL26,BTC,BTC,59924.95,3973.96,0.08,56000.0,1783670400000,call,0.0030000000000000027,0.03750000000000003,0.9345022398850563,3924.949999999997,4793.996,False
,,,0.0,BTC-25JUN27-84000-C,0.069,0.0725,0.0,0.07063537,1782497953811,,0.0,42.99,59924.95,BTC-25JUN27,BTC,BTC,59924.95,0.0,0.07075000000000001,84000.0,1813910400000,call,0.0034999999999999892,0.0494699646643108,1.4017533598275844,0.0,4239.690212500001,False
0.04,0.0285,0.029,0.0,BTC-31JUL26-56000-P,0.028,0.029,1852.7,0.02847965,1782497953811,-7.9365,631.3,47.1,59924.95,BTC-31JUL26,BTC,BTC,59924.95,1189845.09,0.0285,56000.0,1785484800000,put,0.0010000000000000009,0.03508771929824565,0.9345022398850563,0.0,1707.861075,False
0.014,0.0095,0.0095,0.0,BTC-25SEP26-40000-P,0.0095,0.0105,2186.4,0.01006295,1782497953811,-17.3913,16.4,61.25,59924.95,BTC-25SEP26,BTC,BTC,59924.95,10844.6,0.01,40000.0,1790323200000,put,0.0010000000000000009,0.10000000000000009,0.6675015999178974,0.0,599.2495,False
0.103,0.074,0.0815,0.0,BTC-31JUL26-63000-P,0.0765,0.081,593.4,0.079481,1782497953812,-19.3069,5.3,40.74,59924.95,BTC-31JUL26,BTC,BTC,59924.95,24964.27,0.07875,63000.0,1785484800000,put,0.004500000000000004,0.0571428571428572,1.0513150198706882,3075.050000000003,4719.089812499999,False
,,0.3385,0.0,BTC-26MAR27-82000-P,0.3785,0.3855,4.1,0.38296942,1782497953812,,0.0,42.5,59924.95,BTC-26MAR27,BTC,BTC,59924.95,0.0,0.382,82000.0,1806048000000,put,0.007000000000000006,0.018324607329842948,1.3683782798316895,22075.050000000003,22891.3309,False
0.1035,0.1035,0.1035,0.0,BTC-25DEC26-64000-C,0.1,0.1025,327.0,0.1013637,1782497953812,0.0,1.0,43.36,59924.95,BTC-25DEC26,BTC,BTC,59924.95,6224.9,0.10125,64000.0,1798185600000,call,0.0024999999999999883,0.024691358024691242,1.0680025598686358,0.0,6067.4011875,False
,,0.4275,0.0,BTC-25SEP26-35000-C,0.425,0.4285,24.1,0.42649739,1782497953812,,0.0,68.53,59924.95,BTC-25SEP26,BTC,BTC,59924.95,0.0,0.42674999999999996,35000.0,1790323200000,call,0.003500000000000003,0.008201523140011725,0.5840638999281602,24924.949999999997,25572.972412499996,False
,,,0.0,BTC-28AUG26-86000-P,0.42,0.4655,0.0,0.43004697,1782497953812,,0.0,40.44,59924.95,BTC-28AUG26,BTC,BTC,59924.95,0.0,0.44275,86000.0,1787904000000,put,0.04550000000000004,0.10276679841897243,1.4351284398234794,26075.050000000003,26531.771612499997,False
,,0.1715,0.0,BTC-25DEC26-86000-P,0.427,0.433,23.4,0.4308299,1782497953812,,0.0,41.68,59924.95,BTC-25DEC26,BTC,BTC,59924.95,0.0,0.43,86000.0,1798185600000,put,0.006000000000000005,0.013953488372093035,1.4351284398234794,26075.050000000003,25767.728499999997,True
0.005,0.0032,0.0044,0.0,BTC-10JUL26-66000-C,0.0034,0.0037,533.5,0.00368801,1782497953812,18.9189,84.6,38.71,59924.95,BTC-10JUL26,BTC,BTC,59924.95,22517.92,0.00355,66000.0,1783670400000,call,0.00030000000000000035,0.08450704225352122,1.1013776398645305,0.0,212.7335725,False
0.0038,0.0038,0.0038,0.0,BTC-28AUG26-79000-C,0.003,0.0035,55.9,0.00345314,1782497953812,0.0,0.1,38.88,59924.95,BTC-28AUG26,BTC,BTC,59924.95,22.78,0.0032500000000000003,79000.0,1787904000000,call,0.0005,0.15384615384615383,1.3183156598378472,0.0,194.7560875,False
,,0.191,0.0,BTC-28AUG26-78000-P,0.2965,0.302,4.1,0.30003131,1782497953812,,0.0,38.76,59924.95,BTC-28AUG26,BTC,BTC,59924.95,0.0,0.29925,78000.0,1787904000000,put,0.005500000000000005,0.01837928153717629,1.3016281198398998,18075.050000000003,17932.5412875,True
0.014,0.0042,0.0042,0.0,BTC-29JUN26-58000-P,0.0037,0.0041,97.7,0.00404583,1782497953812,-50.5882,19.2,45.47,59924.95,index_price,BTC,BTC,59924.95,9403.09,0.0039000000000000003,58000.0,1782720000000,put,0.0004000000000000002,0.1025641025641026,0.9678773198809512,0.0,233.707305,False
0.052,0.0305,0.032,0.0,BTC-10JUL26-60000-P,0.0335,0.035,252.6,0.0342785,1782497953812,-24.7059,58.3,44.28,59924.95,BTC-10JUL26,BTC,BTC,59924.95,141340.4,0.03425,60000.0,1783670400000,put,0.0015000000000000013,0.04379562043795624,1.001252399876846,75.05000000000291,2052.4295375,False
0.006,0.0014,0.0014,0.0,BTC-29JUN26-56000-P,0.0013,0.0016,70.0,0.00146843,1782497953812,-63.1579,44.7,55.7,59924.95,index_price,BTC,BTC,59924.95,10141.11,0.00145,56000.0,1782720000000,put,0.00030000000000000014,0.20689655172413804,0.9345022398850563,0.0,86.89117749999998,False
0.022,0.018,0.018,0.0,BTC-25SEP26-45000-P,0.0165,0.0175,1936.8,0.01711477,1782497953812,-7.6923,140.4,55.15,59924.95,BTC-25SEP26,BTC,BTC,59924.95,155680.83,0.017,45000.0,1790323200000,put,0.0010000000000000009,0.058823529411764754,0.7509392999076345,0.0,1018.72415,False
,,0.139,0.0,BTC-10JUL26-66000-P,0.102,0.1065,53.5,0.10417153,1782497953812,,0.0,38.71,59924.95,BTC-10JUL26,BTC,BTC,59924.95,0.0,0.10425,66000.0,1783670400000,put,0.004500000000000004,0.04316546762589932,1.1013776398645305,6075.050000000003,6247.176037499999,False
0.005,0.0024,0.0025,0.0,BTC-10JUL26-48000-P,0.0024,0.0028,279.7,0.00262857,1782497953812,-24.2424,250.1,70.79,59924.95,BTC-10JUL26,BTC,BTC,59924.95,53525.19,0.0026,48000.0,1783670400000,put,0.0004000000000000002,0.1538461538461539,0.8010019199014768,0.0,155.80487,False
0.197,0.193,0.193,0.0,BTC-25JUN27-64000-P,0.19,0.196,1.0,0.19390476,1782497953812,-2.0305,2.0,44.93,59924.95,BTC-25JUN27,BTC,BTC,59924.95,23386.04,0.193,64000.0,1813910400000,put,0.006000000000000005,0.03108808290155443,1.0680025598686358,4075.050000000003,11565.51535,False
,,,0.0,BTC-10JUL26-50000-C,0.1685,0.173,0.0,0.17012823,1782497953812,,0.0,65.34,59924.95,BTC-10JUL26,BTC,BTC,59924.95,0.0,0.17075,50000.0,1783670400000,call,0.004499999999999976,0.026354319180087706,0.8343769998973717,9924.949999999997,10232.1852125,False
0.0195,0.0033,0.0035,0.0,BTC-28JUN26-59000-P,0.0033,0.0036,158.4,0.0035169,1782497953812,-75.8621,46.5,35.82,59924.95,index_price,BTC,BTC,59924.95,22800.35,0.00345,59000.0,1782633600000,put,0.0002999999999999999,0.08695652173913042,0.9845648598788985,0.0,206.7410775,False
0.0185,0.0082,0.0082,0.0,BTC-30JUN26-58500-P,0.0075,0.0085,12.1,0.00834987,1782497953812,-18.0,12.1,45.84,59924.95,index_price,BTC,BTC,59924.95,11623.18,0.008,58500.0,1782806400000,put,0.0010000000000000009,0.1250000000000001,0.9762210898799248,0.0,479.39959999999996,False
,,,0.0,BTC-25JUN27-74000-P,0.2905,0.3025,0.0,0.29694886,1782497953812,,0.0,43.65,59924.95,BTC-25JUN27,BTC,BTC,59924.95,0.0,0.2965,74000.0,1813910400000,put,0.01200000000000001,0.040472175379426684,1.23487795984811,14075.050000000003,17767.747675,False
0.0042,0.0031,0.0031,0.0,BTC-25SEP26-86000-C,0.0032,0.0037,629.0,0.00341085,1782497953812,-24.3902,0.5,39.58,59924.95,BTC-25SEP26,BTC,BTC,59924.95,109.91,0.00345,86000.0,1790323200000,call,0.0005,0.14492753623188406,1.4351284398234794,0.0,206.7410775,False
0.115,0.0885,0.0895,0.0,BTC-31JUL26-64000-P,0.089,0.092,797.9,0.09036133,1782497953812,-11.8227,6.7,40.13,59924.95,BTC-31JUL26,BTC,BTC,59924.95,38648.66,0.0905,64000.0,1785484800000,put,0.0030000000000000027,0.033149171270718265,1.0680025598686358,4075.050000000003,5423.207974999999,False
,,0.3305,0.0,BTC-25DEC26-80000-P,0.341,0.3465,927.0,0.34393284,1782497953812,,0.0,41.68,59924.95,BTC-25DEC26,BTC,BTC,59924.95,0.0,0.34375,80000.0,1798185600000,put,0.005499999999999949,0.01599999999999985,1.3350031998357947,20075.050000000003,20599.2015625,False
0.008,0.0027,0.005,0.0,BTC-29JUN26-61500-C,0.0027,0.0031,130.2,0.00295377,1782497953812,16.2791,229.0,34.27,59924.95,index_price,BTC,BTC,59924.95,80884.59,0.0029,61500.0,1782720000000,call,0.00039999999999999975,0.13793103448275854,1.0262837098737672,0.0,173.78235499999997,False
0.0675,0.0535,0.0535,0.0,BTC-25SEP26-56000-P,0.0545,0.056,888.8,0.05513356,1782497953812,-11.5702,87.6,45.39,59924.95,BTC-25SEP26,BTC,BTC,59924.95,306746.77,0.05525,56000.0,1790323200000,put,0.0015000000000000013,0.02714932126696835,0.9345022398850563,0.0,3310.8534875,False
0.028,0.02,0.02,0.0,BTC-28AUG26-50000-P,0.02,0.021,1120.5,0.02048862,1782497953812,-11.1111,75.3,51.43,59924.95,BTC-28AUG26,BTC,BTC,59924.95,111668.04,0.0205,50000.0,1787904000000,put,0.0010000000000000009,0.04878048780487809,0.8343769998973717,0.0,1228.461475,False
0.065,0.0545,0.056,0.0,BTC-31JUL26-59000-C,0.062,0.063,174.6,0.06256165,1782497953812,-0.885,64.0,43.92,59924.95,BTC-31JUL26,BTC,BTC,59924.95,221735.01,0.0625,59000.0,1785484800000,call,0.0010000000000000009,0.016000000000000014,0.9845648598788985,924.9499999999971,3745.309375,False
,,0.239,0.0,BTC-26MAR27-70000-P,0.232,0.238,83.7,0.23575327,1782497953812,,0.0,43.42,59924.95,BTC-26MAR27,BTC,BTC,59924.95,0.0,0.235,70000.0,1806048000000,put,0.005999999999999978,0.025531914893616926,1.1681277998563204,10075.050000000003,14082.363249999999,False
,,,0.0,BTC-25JUN27-86000-C,0.063,0.0665,0.0,0.06464604,1782497953812,,0.0,42.87,59924.95,BTC-25JUN27,BTC,BTC,59924.95,0.0,0.06475,86000.0,1813910400000,call,0.003500000000000003,0.0540540540540541,1.4351284398234794,0.0,3880.1405125,False
0.1955,0.195,0.1955,0.0,BTC-3JUL26-72000-P,0.1975,0.204,0.4,0.2011302,1782497953812,0.2564,0.2,54.89,59924.95,BTC-3JUL26,BTC,BTC,59924.95,2351.67,0.20074999999999998,72000.0,1783065600000,put,0.006499999999999978,0.0323785803237857,1.2015028798522152,12075.050000000003,12029.933712499998,True
,,0.106,0.0,BTC-31JUL26-86000-P,0.4225,0.4775,15.2,0.43247911,1782497953812,,0.0,46.35,59924.95,BTC-31JUL26,BTC,BTC,59924.95,0.0,0.44999999999999996,86000.0,1785484800000,put,0.05499999999999999,0.12222222222222222,1.4351284398234794,26075.050000000003,26966.227499999997,False
0.132,0.132,0.132,0.0,BTC-26MAR27-64000-C,0.1355,0.138,34.7,0.13669239,1782497953812,0.0,0.1,44.43,59924.95,BTC-26MAR27,BTC,BTC,59924.95,780.85,0.13675,64000.0,1806048000000,call,0.0025000000000000022,0.01828153564899453,1.0680025598686358,0.0,8194.7369125,False
,,0.3405,0.0,BTC-25DEC26-82000-P,0.369,0.3745,157.7,0.3723617,1782497953812,,0.0,41.68,59924.95,BTC-25DEC26,BTC,BTC,59924.95,0.0,0.37175,82000.0,1798185600000,put,0.005500000000000005,0.014794889038332225,1.3683782798316895,22075.050000000003,22277.1001625,False
0.0049,0.0038,0.0038,0.0,BTC-28AUG26-78000-C,0.0036,0.0041,231.3,0.0040846,1782497953812,-22.449,45.2,38.76,59924.95,BTC-28AUG26,BTC,BTC,59924.95,10218.03,0.00385,78000.0,1787904000000,call,0.0005000000000000004,0.12987012987012997,1.3016281198398998,0.0,230.7110575,False
0.129,0.129,0.129,0.0,BTC-17JUL26-68000-P,0.135,0.1395,3.0,0.13727909,1782497953812,0.0,3.0,38.47,59924.95,BTC-17JUL26,BTC,BTC,59924.95,23404.77,0.13725,68000.0,1784275200000,put,0.004500000000000004,0.03278688524590167,1.1347527198604255,8075.050000000003,8224.6993875,False
,,0.26,0.0,BTC-26MAR27-50000-C,0.262,0.265,16.5,0.26293567,1782497953812,,0.0,48.6,59924.95,BTC-26MAR27,BTC,BTC,59924.95,0.0,0.2635,50000.0,1806048000000,call,0.0030000000000000027,0.011385199240986727,0.8343769998973717,9924.949999999997,15790.224325,False
,,0.305,0.0,BTC-31JUL26-78000-P,0.2925,0.306,433.6,0.29984025,1782497953812,,0.0,40.41,59924.95,BTC-31JUL26,BTC,BTC,59924.95,0.0,0.29925,78000.0,1785484800000,put,0.013500000000000012,0.04511278195488726,1.3016281198398998,18075.050000000003,17932.5412875,True
0.007,0.0035,0.0038,0.0,BTC-10JUL26-50000-P,0.0036,0.004,349.8,0.00382241,1782497953812,-30.9091,55.7,65.34,59924.95,BTC-10JUL26,BTC,BTC,59924.95,19523.24,0.0038,50000.0,1783670400000,put,0.0004000000000000002,0.10526315789473689,0.8343769998973717,0.0,227.71481,False
,,,0.0,BTC-28AUG26-79000-P,0.3065,0.359,0.0,0.31601455,1782497953812,,0.0,38.88,59924.95,BTC-28AUG26,BTC,BTC,59924.95,0.0,0.33275,79000.0,1787904000000,put,0.05249999999999999,0.1577761081893313,1.3183156598378472,19075.050000000003,19940.0271125,False
,,,0.0,BTC-28AUG26-88000-P,0.4535,0.512,0.0,0.46307494,1782497953812,,0.0,41.5,59924.95,BTC-28AUG26,BTC,BTC,59924.95,0.0,0.48275,88000.0,1787904000000,put,0.058499999999999996,0.12118073537027446,1.468503519819374,28075.050000000003,28928.7696125,False
0.009,0.0019,0.002,0.0,BTC-28JUN26-61000-C,0.0018,0.0021,225.6,0.00189387,1782497953812,-52.381,192.5,29.37,59924.95,index_price,BTC,BTC,59924.95,52200.9,0.00195,61000.0,1782633600000,call,0.0002999999999999999,0.1538461538461538,1.0179399398747935,0.0,116.8536525,False
0.0255,0.015,0.015,0.0,BTC-17JUL26-55000-P,0.0155,0.0165,131.3,0.01582874,1782497953812,-21.0526,76.5,50.67,59924.95,BTC-17JUL26,BTC,BTC,59924.95,91752.79,0.016,55000.0,1784275200000,put,0.0010000000000000009,0.06250000000000006,0.9178146998871088,0.0,958.7991999999999,False
0.05,0.042,0.042,0.0,BTC-10JUL26-61000-P,0.0415,0.043,149.2,0.0424189,1782497953812,-10.6383,23.2,42.71,59924.95,BTC-10JUL26,BTC,BTC,59924.95,62772.83,0.042249999999999996,61000.0,1783670400000,put,0.0014999999999999944,0.035502958579881526,1.0179399398747935,1075.050000000003,2531.8291374999994,False
,,0.1045,0.0,BTC-25JUN27-76000-C,0.098,0.102,10.0,0.09990378,1782497953812,,0.0,43.47,59924.95,BTC-25JUN27,BTC,BTC,59924.95,0.0,0.1,76000.0,1813910400000,call,0.00399999999999999,0.0399999999999999,1.2682530398440048,0.0,5992.495,False
,,0.0151,0.0,BTC-27JUN26-63000-P,0.046,0.0555,201.6,0.05133138,1782497953812,,0.0,50.53,59924.95,index_price,BTC,BTC,59924.95,0.0,0.05075,63000.0,1782547200000,put,0.009500000000000001,0.187192118226601,1.0513150198706882,3075.050000000003,3041.1912125,True
0.0165,0.005,0.0069,0.0,BTC-28JUN26-58500-P,0.0021,0.0026,65.5,0.00243104,1782497953812,6.1538,42.9,39.6,59924.95,index_price,BTC,BTC,59924.95,28372.84,0.0023499999999999997,58500.0,1782633600000,put,0.0005,0.21276595744680854,0.9762210898799248,0.0,140.82363249999997,False
0.018,0.016,0.0165,0.0,BTC-25DEC26-35000-P,0.015,0.016,2224.5,0.01553422,1782497953812,-8.3333,226.2,61.7,59924.95,BTC-25DEC26,BTC,BTC,59924.95,229112.73,0.0155,35000.0,1798185600000,put,0.0010000000000000009,0.06451612903225812,0.5840638999281602,0.0,928.836725,False
0.2865,0.2395,0.242,0.0,BTC-31JUL26-75000-P,0.2425,0.2565,227.5,0.25068219,1782497953812,-15.5323,17.0,39.14,59924.95,BTC-31JUL26,BTC,BTC,59924.95,250277.71,0.2495,75000.0,1785484800000,put,0.014000000000000012,0.056112224448897845,1.2515654998460575,15075.050000000003,14951.275024999999,True
0.0295,0.018,0.0185,0.0,BTC-17JUL26-56000-P,0.0185,0.02,246.2,0.01929685,1782497953812,-17.7778,262.1,49.14,59924.95,BTC-17JUL26,BTC,BTC,59924.95,368592.82,0.01925,56000.0,1784275200000,put,0.0015000000000000013,0.07792207792207799,0.9345022398850563,0.0,1153.5552874999998,False
,,0.132,0.0,BTC-28AUG26-57000-C,0.1005,0.103,16.0,0.10144856,1782497953813,,0.0,44.78,59924.95,BTC-28AUG26,BTC,BTC,59924.95,0.0,0.10175000000000001,57000.0,1787904000000,call,0.0024999999999999883,0.024570024570024454,0.9511897798830037,2924.949999999997,6097.3636625,False
0.077,0.0745,0.0745,0.0,BTC-26MAR27-50000-P,0.0735,0.075,2074.4,0.07422045,1782497953813,-3.2468,3.0,48.6,59924.95,BTC-26MAR27,BTC,BTC,59924.95,13618.5,0.07425,50000.0,1806048000000,put,0.0015000000000000013,0.02020202020202022,0.8343769998973717,0.0,4449.4275375,False
0.006,0.0021,0.0023,0.0,BTC-3JUL26-52000-P,0.0022,0.0025,1182.1,0.00235774,1782497953813,-46.5116,606.5,69.26,59924.95,BTC-3JUL26,BTC,BTC,59924.95,121452.71,0.00235,52000.0,1783065600000,put,0.0002999999999999999,0.12765957446808507,0.8677520798932665,0.0,140.8236325,False
0.256,0.256,0.256,0.0,BTC-31JUL26-76000-P,0.2595,0.273,457.7,0.26696327,1782497953813,0.0,0.4,39.35,59924.95,BTC-31JUL26,BTC,BTC,59924.95,6193.13,0.26625,76000.0,1785484800000,put,0.013500000000000012,0.050704225352112726,1.2682530398440048,16075.050000000003,15955.017937499999,True
0.0215,0.017,0.0175,0.0,BTC-28AUG26-48000-P,0.0155,0.0165,441.4,0.01604126,1782497953813,-5.4054,312.9,53.83,59924.95,BTC-28AUG26,BTC,BTC,59924.95,336004.37,0.016,48000.0,1787904000000,put,0.0010000000000000009,0.06250000000000006,0.8010019199014768,0.0,958.7991999999999,False
,,0.3043,0.0,BTC-25SEP26-88000-P,0.4355,0.509,4.8,0.45979336,1782497953813,,0.0,40.08,59924.95,BTC-25SEP26,BTC,BTC,59924.95,0.0,0.47225,88000.0,1790323200000,put,0.07350000000000001,0.15563790365272634,1.468503519819374,28075.050000000003,28299.5576375,False
,,,0.0,BTC-17JUL26-50000-C,0.171,0.1755,0.0,0.17263696,1782497953813,,0.0,59.76,59924.95,BTC-17JUL26,BTC,BTC,59924.95,0.0,0.17325000000000002,50000.0,1784275200000,call,0.004499999999999976,0.025974025974025833,0.8343769998973717,9924.949999999997,10381.9975875,False
0.0165,0.0047,0.0085,0.0,BTC-28JUN26-60000-C,0.007,0.0085,61.3,0.0078384,1782497953813,21.4286,51.4,32.04,59924.95,index_price,BTC,BTC,59924.95,27961.11,0.00775,60000.0,1782633600000,call,0.0015000000000000005,0.19354838709677424,1.001252399876846,0.0,464.4183625,False
0.31,0.31,0.31,0.0,BTC-26MAR27-76000-P,0.301,0.308,19.6,0.30568642,1782497953813,0.0,0.1,42.82,59924.95,BTC-26MAR27,BTC,BTC,59924.95,1850.83,0.3045,76000.0,1806048000000,put,0.007000000000000006,0.022988505747126457,1.2682530398440048,16075.050000000003,18247.147275,False
0.0145,0.011,0.0125,0.0,BTC-25SEP26-76000-C,0.012,0.0125,909.2,0.01240568,1782497953813,0.0,38.4,38.8,59924.95,BTC-25SEP26,BTC,BTC,59924.95,29575.23,0.01225,76000.0,1790323200000,call,0.0005000000000000004,0.040816326530612276,1.2682530398440048,0.0,734.0806375,False
0.03,0.027,0.027,0.0,BTC-25DEC26-82000-C,0.027,0.028,262.4,0.02782917,1782497953813,-6.8966,0.9,41.68,59924.95,BTC-25DEC26,BTC,BTC,59924.95,1569.33,0.0275,82000.0,1798185600000,call,0.0010000000000000009,0.0363636363636364,1.3683782798316895,0.0,1647.936125,False
0.005,0.0024,0.0037,0.0,BTC-3JUL26-64000-C,0.0031,0.0033,1900.9,0.0032792,1782497953813,15.625,610.7,41.04,59924.95,BTC-3JUL26,BTC,BTC,59924.95,134084.29,0.0031999999999999997,64000.0,1783065600000,call,0.0002000000000000001,0.06250000000000003,1.0680025598686358,0.0,191.75983999999997,False
,,,0.0,BTC-17JUL26-70000-P,0.165,0.171,0.0,0.16868395,1782497953813,,0.0,38.48,59924.95,BTC-17JUL26,BTC,BTC,59924.95,0.0,0.168,70000.0,1784275200000,put,0.006000000000000005,0.03571428571428575,1.1681277998563204,10075.050000000003,10067.3916,True
0.0615,0.049,0.0495,0.0,BTC-25SEP26-55000-P,0.049,0.0505,2907.7,0.04966401,1782497953813,-8.3333,251.8,46.04,59924.95,BTC-25SEP26,BTC,BTC,59924.95,789015.27,0.04975,55000.0,1790323200000,put,0.0015000000000000013,0.030150753768844248,0.9178146998871088,0.0,2981.2662625,False
,,0.5465,0.0,BTC-25DEC26-30000-C,0.5165,0.519,268.4,0.51763804,1782497953813,,0.0,67.08,59924.95,BTC-25DEC26,BTC,BTC,59924.95,0.0,0.5177499999999999,30000.0,1798185600000,call,0.0025000000000000577,0.004828585224529325,0.500626199938423,29924.949999999997,31026.142862499993,False
,,0.0513,0.0,BTC-10JUL26-67000-P,0.1175,0.122,13.5,0.11952567,1782497953813,,0.0,38.64,59924.95,BTC-10JUL26,BTC,BTC,59924.95,0.0,0.11975,67000.0,1783670400000,put,0.004500000000000004,0.0375782881002088,1.118065179862478,7075.050000000003,7176.0127625,False
0.134,0.134,0.134,0.0,BTC-31JUL26-68000-P,0.1385,0.1445,426.4,0.14232478,1782497953813,0.0,0.6,39.0,59924.95,BTC-31JUL26,BTC,BTC,59924.95,4867.66,0.14150000000000001,68000.0,1785484800000,put,0.005999999999999978,0.04240282685512351,1.1347527198604255,8075.050000000003,8479.380425000001,False
,,0.226,0.0,BTC-25SEP26-74000-P,0.2395,0.244,111.7,0.24157123,1782497953813,,0.0,38.98,59924.95,BTC-25SEP26,BTC,BTC,59924.95,0.0,0.24175,74000.0,1790323200000,put,0.004500000000000004,0.018614270941054827,1.23487795984811,14075.050000000003,14486.856662499998,False
,,0.3433,0.0,BTC-28AUG26-84000-P,0.388,0.432,0.3,0.39716393,1782497953813,,0.0,39.72,59924.95,BTC-28AUG26,BTC,BTC,59924.95,0.0,0.41000000000000003,84000.0,1787904000000,put,0.043999999999999984,0.10731707317073166,1.4017533598275844,24075.050000000003,24569.2295,False
0.0455,0.0305,0.0305,0.0,BTC-31JUL26-57000-P,0.0325,0.034,278.4,0.03327443,1782497953813,-16.4384,92.3,45.96,59924.95,BTC-31JUL26,BTC,BTC,59924.95,202569.1,0.03325,57000.0,1785484800000,put,0.0015000000000000013,0.04511278195488726,0.9511897798830037,0.0,1992.5045875,False
0.132,0.132,0.132,0.0,BTC-25DEC26-62000-P,0.131,0.1335,679.0,0.13249676,1782497953813,0.0,0.1,43.89,59924.95,BTC-25DEC26,BTC,BTC,59924.95,794.08,0.13225,62000.0,1798185600000,put,0.0025000000000000022,0.018903591682419677,1.0346274798727408,2075.050000000003,7925.0746375,False
,,0.306,0.0,BTC-25SEP26-45000-C,0.2705,0.274,153.4,0.27204021,1782497953813,,0.0,55.15,59924.95,BTC-25SEP26,BTC,BTC,59924.95,0.0,0.27225,45000.0,1790323200000,call,0.003500000000000003,0.01285583103764923,0.7509392999076345,14924.949999999997,16314.567637499998,False
,,0.182,0.0,BTC-31JUL26-52000-C,0.1475,0.151,0.5,0.14911111,1782497953813,,0.0,52.16,59924.95,BTC-31JUL26,BTC,BTC,59924.95,0.0,0.14925,52000.0,1785484800000,call,0.003500000000000003,0.02345058626465664,0.8677520798932665,7924.949999999997,8943.7987875,False
0.0315,0.0165,0.026,0.0,BTC-10JUL26-61000-C,0.0245,0.026,247.4,0.02524042,1782497953813,1.9608,51.8,42.71,59924.95,BTC-10JUL26,BTC,BTC,59924.95,76487.23,0.02525,61000.0,1783670400000,call,0.0014999999999999979,0.05940594059405932,1.0179399398747935,0.0,1513.1049875,False
0.018,0.0034,0.0037,0.0,BTC-27JUN26-59500-P,0.0036,0.0038,427.0,0.00369874,1782497953813,-74.4828,514.8,42.41,59924.95,index_price,BTC,BTC,59924.95,264178.23,0.0037,59500.0,1782547200000,put,0.0002000000000000001,0.05405405405405408,0.9929086298778723,0.0,221.722315,False
,,0.1817,0.0,BTC-3JUL26-70000-P,0.164,0.17,18.2,0.16783647,1782497953813,,0.0,49.41,59924.95,BTC-3JUL26,BTC,BTC,59924.95,0.0,0.167,70000.0,1783065600000,put,0.006000000000000005,0.03592814371257488,1.1681277998563204,10075.050000000003,10007.46665,True
,,0.3595,0.0,BTC-25SEP26-40000-C,0.3465,0.3495,32.4,0.34777445,1782497953813,,0.0,61.25,59924.95,BTC-25SEP26,BTC,BTC,59924.95,0.0,0.348,40000.0,1790323200000,call,0.0030000000000000027,0.008620689655172422,0.6675015999178974,19924.949999999997,20853.882599999997,False
,,,0.0,BTC-31JUL26-45000-P,0.005,0.0055,0.0,0.00527107,1782497953813,,0.0,63.66,59924.95,BTC-31JUL26,BTC,BTC,59924.95,0.0,0.0052499999999999995,45000.0,1785484800000,put,0.0004999999999999996,0.09523809523809516,0.7509392999076345,0.0,314.60598749999997,False
,,0.143,0.0,BTC-25SEP26-68000-P,0.1595,0.1635,659.8,0.16143376,1782497953813,,0.0,39.79,59924.95,BTC-25SEP26,BTC,BTC,59924.95,0.0,0.1615,68000.0,1790323200000,put,0.0040000000000000036,0.02476780185758516,1.1347527198604255,8075.050000000003,9677.879425,False
0.0693,0.0625,0.0693,0.0,BTC-25DEC26-70000-C,0.0655,0.0675,1019.3,0.06641289,1782497953813,5.8015,4.9,42.2,59924.95,BTC-25DEC26,BTC,BTC,59924.95,19719.98,0.0665,70000.0,1798185600000,call,0.0020000000000000018,0.030075187969924838,1.1681277998563204,0.0,3985.009175,False
0.011,0.01,0.01,0.0,BTC-25DEC26-30000-P,0.009,0.01,1789.3,0.00954018,1782497953813,-4.7619,314.9,67.08,59924.95,BTC-25DEC26,BTC,BTC,59924.95,202637.99,0.0095,30000.0,1798185600000,put,0.0010000000000000009,0.10526315789473693,0.500626199938423,0.0,569.287025,False
0.0245,0.0245,0.0245,0.0,BTC-30JUN26-58500-C,0.0295,0.035,0.6,0.03242868,1782497953813,0.0,0.6,45.84,59924.95,index_price,BTC,BTC,59924.95,865.04,0.03225,58500.0,1782806400000,call,0.005500000000000005,0.17054263565891487,0.9762210898799248,1424.949999999997,1932.5796375,False
0.022,0.01,0.0175,0.0,BTC-3JUL26-61000-C,0.0155,0.0165,239.0,0.01598328,1782497953813,29.6296,198.2,43.91,59924.95,BTC-3JUL26,BTC,BTC,59924.95,196286.02,0.016,61000.0,1783065600000,call,0.0010000000000000009,0.06250000000000006,1.0179399398747935,0.0,958.7991999999999,False
0.238,0.2375,0.2375,0.0,BTC-31JUL26-74000-P,0.227,0.2405,130.8,0.23454969,1782497953813,-0.2101,1.8,39.09,59924.95,BTC-31JUL26,BTC,BTC,59924.95,25664.7,0.23375,74000.0,1785484800000,put,0.013499999999999984,0.0577540106951871,1.23487795984811,14075.050000000003,14007.4570625,True
,,0.4352,0.0,BTC-31JUL26-85000-P,0.4055,0.4435,22.2,0.41588409,1782497953813,,0.0,45.91,59924.95,BTC-31JUL26,BTC,BTC,59924.95,0.0,0.4245,85000.0,1785484800000,put,0.03799999999999998,0.08951707891637216,1.4184408998255318,25075.050000000003,25438.141274999998,False
0.0175,0.002,0.002,0.0,BTC-27JUN26-59000-P,0.002,0.0021,255.9,0.00205205,1782497953813,-83.3333,169.7,46.87,59924.95,index_price,BTC,BTC,59924.95,77586.86,0.0020499999999999997,59000.0,1782547200000,put,9.999999999999983e-05,0.048780487804877974,0.9845648598788985,0.0,122.84614749999997,False
,,0.24,0.0,BTC-31JUL26-79000-P,0.3085,0.3225,173.5,0.31634972,1782497953813,,0.0,41.03,59924.95,BTC-31JUL26,BTC,BTC,59924.95,0.0,0.3155,79000.0,1785484800000,put,0.014000000000000012,0.04437400950871636,1.3183156598378472,19075.050000000003,18906.321724999998,True
,,,0.0,BTC-17JUL26-64000-P,0.0795,0.083,0.0,0.08105197,1782497953813,,0.0,39.71,59924.95,BTC-17JUL26,BTC,BTC,59924.95,0.0,0.08125,64000.0,1784275200000,put,0.003500000000000003,0.04307692307692312,1.0680025598686358,4075.050000000003,4868.9021875,False
0.011,0.0055,0.0055,0.0,BTC-10JUL26-52000-P,0.0055,0.006,253.7,0.00569923,1782497953813,-31.25,125.6,60.19,59924.95,BTC-10JUL26,BTC,BTC,59924.95,54924.71,0.00575,52000.0,1783670400000,put,0.0005000000000000004,0.08695652173913052,0.8677520798932665,0.0,344.56846249999995,False
0.0465,0.033,0.0445,0.0,BTC-10JUL26-59000-C,0.043,0.0445,69.6,0.04374771,1782497953813,8.5366,18.3,45.93,59924.95,BTC-10JUL26,BTC,BTC,59924.95,43188.57,0.04375,59000.0,1783670400000,call,0.0015000000000000013,0.034285714285714315,0.9845648598788985,924.9499999999971,2621.7165625,False
0.016,0.009,0.013,0.0,BTC-10JUL26-63000-C,0.012,0.013,564.9,0.01266317,1782497953813,18.1818,138.4,40.22,59924.95,BTC-10JUL26,BTC,BTC,59924.95,95855.97,0.0125,63000.0,1783670400000,call,0.0009999999999999992,0.07999999999999993,1.0513150198706882,0.0,749.061875,False
0.128,0.1125,0.1195,0.0,BTC-31JUL26-66000-P,0.1115,0.117,472.0,0.11473765,1782497953813,6.2222,9.0,39.12,59924.95,BTC-31JUL26,BTC,BTC,59924.95,64496.64,0.11425,66000.0,1785484800000,put,0.005500000000000005,0.04814004376367619,1.1013776398645305,6075.050000000003,6846.4255375,False
0.1565,0.153,0.1565,0.0,BTC-25JUN27-66000-C,0.1515,0.1555,0.6,0.15359898,1782497953813,2.2876,0.6,44.73,59924.95,BTC-25JUN27,BTC,BTC,59924.95,5519.07,0.1535,66000.0,1813910400000,call,0.0040000000000000036,0.026058631921824126,1.1013776398645305,0.0,9198.479824999999,False
0.008,0.006,0.0065,0.0,BTC-28AUG26-75000-C,0.006,0.007,823.7,0.00696964,1782497953813,-13.3333,151.5,38.74,59924.95,BTC-28AUG26,BTC,BTC,59924.95,56100.24,0.006500000000000001,75000.0,1787904000000,call,0.001,0.15384615384615383,1.2515654998460575,0.0,389.512175,False
,,,0.0,BTC-25JUN27-66000-P,0.2085,0.215,0.0,0.2131705,1782497953813,,0.0,44.73,59924.95,BTC-25JUN27,BTC,BTC,59924.95,0.0,0.21175,66000.0,1813910400000,put,0.006500000000000006,0.030696576151121632,1.1013776398645305,6075.050000000003,12689.108162499999,False
0.013,0.0085,0.0105,0.0,BTC-17JUL26-65000-C,0.01,0.011,192.2,0.0103149,1782497953813,-4.5455,158.2,39.04,59924.95,BTC-17JUL26,BTC,BTC,59924.95,90723.3,0.010499999999999999,65000.0,1784275200000,call,0.0009999999999999992,0.09523809523809516,1.0846900998665832,0.0,629.2119749999999,False
0.061,0.0455,0.061,0.0,BTC-10JUL26-62000-P,0.0505,0.0535,214.8,0.05200807,1782497953813,34.0659,5.1,41.37,59924.95,BTC-10JUL26,BTC,BTC,59924.95,14154.11,0.052000000000000005,62000.0,1783670400000,put,0.0029999999999999957,0.057692307692307605,1.0346274798727408,2075.050000000003,3116.0974,False
0.0135,0.01,0.011,0.0,BTC-28AUG26-72000-C,0.0105,0.0115,760.5,0.01145471,1782497953813,0.0,79.0,38.58,59924.95,BTC-28AUG26,BTC,BTC,59924.95,55420.99,0.011,72000.0,1787904000000,call,0.0009999999999999992,0.09090909090909084,1.2015028798522152,0.0,659.17445,False
,,0.1305,0.0,BTC-25SEP26-56000-C,0.1265,0.1295,12.2,0.12790283,1782497953813,,0.0,45.39,59924.95,BTC-25SEP26,BTC,BTC,59924.95,0.0,0.128,56000.0,1790323200000,call,0.0030000000000000027,0.02343750000000002,0.9345022398850563,3924.949999999997,7670.393599999999,False
0.0765,0.066,0.072,0.0,BTC-25SEP26-62000-C,0.071,0.0725,554.4,0.07174874,1782497953813,5.1095,1.5,41.99,59924.95,BTC-25SEP26,BTC,BTC,59924.95,6149.66,0.07175,62000.0,1790323200000,call,0.0015000000000000013,0.020905923344947754,1.0346274798727408,0.0,4299.615162499999,False
0.053,0.0355,0.0355,0.0,BTC-31JUL26-58000-P,0.038,0.0395,952.5,0.03879667,1782497953813,-20.2247,118.0,44.89,59924.95,BTC-31JUL26,BTC,BTC,59924.95,314690.25,0.03875,58000.0,1785484800000,put,0.0015000000000000013,0.038709677419354875,0.9678773198809512,0.0,2322.0918125,False
0.0155,0.0105,0.013,0.0,BTC-31JUL26-67000-C,0.012,0.0125,1688.6,0.01254045,1782497953813,8.3333,131.6,39.13,59924.95,BTC-31JUL26,BTC,BTC,59924.95,94408.84,0.01225,67000.0,1785484800000,call,0.0005000000000000004,0.040816326530612276,1.118065179862478,0.0,734.0806375,False
0.03,0.0245,0.0285,0.0,BTC-25SEP26-70000-C,0.027,0.028,1591.7,0.02747193,1782497953813,3.6364,72.6,39.35,59924.95,BTC-25SEP26,BTC,BTC,59924.95,118473.03,0.0275,70000.0,1790323200000,call,0.0010000000000000009,0.0363636363636364,1.1681277998563204,0.0,1647.936125,False
0.0535,0.044,0.0535,0.0,BTC-17JUL26-59000-C,0.0505,0.0515,17.2,0.05093856,1782497953813,21.5909,4.7,44.91,59924.95,BTC-17JUL26,BTC,BTC,59924.95,13195.22,0.051000000000000004,59000.0,1784275200000,call,0.000999999999999994,0.01960784313725478,0.9845648598788985,924.9499999999971,3056.17245,False
,,0.238,0.0,BTC-28AUG26-77000-P,0.281,0.286,3.2,0.28414376,1782497953813,,0.0,38.61,59924.95,BTC-28AUG26,BTC,BTC,59924.95,0.0,0.2835,77000.0,1787904000000,put,0.004999999999999949,0.017636684303350792,1.2849405798419524,17075.050000000003,16988.723325,True
,,0.045,0.0,BTC-26MAR27-85000-C,0.044,0.0455,21.7,0.04480761,1782497953814,,0.0,42.49,59924.95,BTC-26MAR27,BTC,BTC,59924.95,0.0,0.04475,85000.0,1806048000000,call,0.0015000000000000013,0.03351955307262573,1.4184408998255318,0.0,2681.6415125,False
0.0022,0.0007,0.0011,0.0,BTC-29JUN26-63000-C,0.0006,0.0007,507.2,0.000572,1782497953814,-8.3333,606.4,35.21,59924.95,index_price,BTC,BTC,59924.95,67285.21,0.00065,63000.0,1782720000000,call,0.00010000000000000005,0.1538461538461539,1.0513150198706882,0.0,38.9512175,False
0.1065,0.1005,0.1065,0.0,BTC-31JUL26-55000-C,0.107,0.111,10.6,0.10836302,1782497953814,5.9701,0.5,48.26,59924.95,BTC-31JUL26,BTC,BTC,59924.95,3012.98,0.109,55000.0,1785484800000,call,0.0040000000000000036,0.03669724770642205,0.9178146998871088,4924.949999999997,6531.819549999999,False
,,0.134,0.0,BTC-28AUG26-67000-P,0.1375,0.141,91.0,0.13934542,1782497953814,,0.0,39.25,59924.95,BTC-28AUG26,BTC,BTC,59924.95,0.0,0.13924999999999998,67000.0,1787904000000,put,0.0034999999999999754,0.02513464991023322,1.118065179862478,7075.050000000003,8344.549287499998,False
,,0.0813,0.0,BTC-26MAR27-52000-P,0.084,0.086,42.8,0.08503253,1782497953814,,0.0,47.78,59924.95,BTC-26MAR27,BTC,BTC,59924.95,0.0,0.08499999999999999,52000.0,1806048000000,put,0.001999999999999988,0.023529411764705743,0.8677520798932665,0.0,5093.620749999999,False
0.021,0.0066,0.013,0.0,BTC-29JUN26-60000-C,0.011,0.0125,98.6,0.01196862,1782497953814,8.3333,158.1,37.27,59924.95,index_price,BTC,BTC,59924.95,118172.81,0.01175,60000.0,1782720000000,call,0.0015000000000000013,0.1276595744680852,1.001252399876846,0.0,704.1181624999999,False
0.0272,0.02,0.0262,0.0,BTC-30JUN26-59000-C,0.0255,0.027,36.7,0.02627506,1782497953814,0.7692,38.0,44.14,59924.95,index_price,BTC,BTC,59924.95,49598.95,0.02625,59000.0,1782806400000,call,0.0015000000000000013,0.0571428571428572,0.9845648598788985,924.9499999999971,1573.0299375,False
0.1645,0.157,0.1645,0.0,BTC-25JUN27-60000-P,0.1555,0.1615,309.1,0.15893905,1782497953814,4.7771,9.4,45.61,59924.95,BTC-25JUN27,BTC,BTC,59924.95,90508.64,0.1585,60000.0,1813910400000,put,0.006000000000000005,0.0378548895899054,1.001252399876846,75.05000000000291,9498.104575,False
0.0245,0.0155,0.0245,0.0,BTC-30JUN26-59500-C,0.02,0.0215,31.1,0.02072652,1782497953814,32.4324,32.4,42.66,59924.95,index_price,BTC,BTC,59924.95,40404.62,0.020749999999999998,59500.0,1782806400000,call,0.0014999999999999979,0.07228915662650592,0.9929086298778723,424.9499999999971,1243.4427124999997,False
0.0155,0.0055,0.0065,0.0,BTC-30JUN26-58000-P,0.006,0.007,185.3,0.0067105,1782497953814,-18.75,186.5,47.92,59924.95,index_price,BTC,BTC,59924.95,121838.96,0.006500000000000001,58000.0,1782806400000,put,0.001,0.15384615384615383,0.9678773198809512,0.0,389.512175,False
0.0305,0.0195,0.0195,0.0,BTC-31JUL26-54000-P,0.02,0.021,694.7,0.02067283,1782497953814,-11.3636,313.2,49.46,59924.95,BTC-31JUL26,BTC,BTC,59924.95,516052.29,0.0205,54000.0,1785484800000,put,0.0010000000000000009,0.04878048780487809,0.9011271598891614,0.0,1228.461475,False
,,0.242,0.0,BTC-26MAR27-52000-C,0.24,0.2435,1.0,0.24129636,1782497953814,,0.0,47.78,59924.95,BTC-26MAR27,BTC,BTC,59924.95,0.0,0.24175,52000.0,1806048000000,call,0.003500000000000003,0.014477766287487088,0.8677520798932665,7924.949999999997,14486.856662499998,False
0.0935,0.089,0.089,0.0,BTC-25JUN27-50000-P,0.0885,0.092,0.8,0.0902466,1782497953814,-4.8128,0.3,48.33,59924.95,BTC-25JUN27,BTC,BTC,59924.95,1627.84,0.09025,50000.0,1813910400000,put,0.003500000000000003,0.038781163434903086,0.8343769998973717,0.0,5408.226737499999,False
0.108,0.108,0.108,0.0,BTC-26MAR27-68000-C,0.11,0.112,37.8,0.11105913,1782497953814,0.0,0.1,43.7,59924.95,BTC-26MAR27,BTC,BTC,59924.95,638.87,0.111,68000.0,1806048000000,call,0.0020000000000000018,0.018018018018018035,1.1347527198604255,0.0,6651.669449999999,False
,,0.326,0.0,BTC-31JUL26-81000-P,0.3415,0.3555,114.0,0.34947837,1782497953814,,0.0,42.62,59924.95,BTC-31JUL26,BTC,BTC,59924.95,0.0,0.34850000000000003,81000.0,1785484800000,put,0.013999999999999957,0.0401721664275465,1.351690739833742,21075.050000000003,20883.845075,True
0.048,0.038,0.041,0.0,BTC-17JUL26-60000-C,0.0405,0.0415,31.7,0.04116547,1782497953814,7.8947,37.1,43.56,59924.95,BTC-17JUL26,BTC,BTC,59924.95,90218.46,0.041,60000.0,1784275200000,call,0.0010000000000000009,0.024390243902439046,1.001252399876846,0.0,2456.92295,False
,,0.0642,0.0,BTC-10JUL26-63000-P,0.0615,0.065,94.0,0.06311784,1782497953814,,0.0,40.22,59924.95,BTC-10JUL26,BTC,BTC,59924.95,0.0,0.06325,63000.0,1783670400000,put,0.003500000000000003,0.05533596837944669,1.0513150198706882,3075.050000000003,3790.2530874999998,False
0.4795,0.4795,0.4795,0.0,BTC-31JUL26-88000-P,0.4555,0.4895,2.1,0.46578509,1782497953814,0.0,0.1,48.92,59924.95,BTC-31JUL26,BTC,BTC,59924.95,2847.9,0.47250000000000003,88000.0,1785484800000,put,0.033999999999999975,0.0719576719576719,1.468503519819374,28075.050000000003,28314.538875000002,False
0.0037,0.0021,0.0022,0.0,BTC-31JUL26-74000-C,0.0019,0.0023,506.3,0.00222933,1782497953814,-40.5405,4.1,39.09,59924.95,BTC-31JUL26,BTC,BTC,59924.95,596.83,0.0021,74000.0,1785484800000,call,0.00039999999999999996,0.19047619047619047,1.23487795984811,0.0,125.84239499999998,False
0.0803,0.0725,0.0803,0.0,BTC-25DEC26-68000-C,0.0755,0.0775,303.1,0.07666217,1782497953814,7.7852,9.5,42.51,59924.95,BTC-25DEC26,BTC,BTC,59924.95,43557.62,0.0765,68000.0,1798185600000,call,0.0020000000000000018,0.026143790849673228,1.1347527198604255,0.0,4584.258675,False
,,,0.0,BTC-25JUN27-40000-C,0.4025,0.408,0.0,0.40437137,1782497953814,,0.0,52.92,59924.95,BTC-25JUN27,BTC,BTC,59924.95,0.0,0.40525,40000.0,1813910400000,call,0.005499999999999949,0.013571869216532879,0.6675015999178974,19924.949999999997,24284.5859875,False
0.0095,0.0075,0.008,0.0,BTC-28AUG26-74000-C,0.007,0.008,328.4,0.008102,1782497953814,0.0,6.7,38.51,59924.95,BTC-28AUG26,BTC,BTC,59924.95,3114.75,0.0075,74000.0,1787904000000,call,0.001,0.13333333333333333,1.23487795984811,0.0,449.437125,False
,,0.2195,0.0,BTC-26MAR27-68000-P,0.211,0.2165,65.6,0.21440643,1782497953814,,0.0,43.7,59924.95,BTC-26MAR27,BTC,BTC,59924.95,0.0,0.21375,68000.0,1806048000000,put,0.005500000000000005,0.025730994152046806,1.1347527198604255,8075.050000000003,12808.9580625,False
0.01,0.006,0.006,0.0,BTC-17JUL26-50000-P,0.0055,0.0065,117.5,0.00608754,1782497953814,-25.0,147.6,59.76,59924.95,BTC-17JUL26,BTC,BTC,59924.95,70345.58,0.006,50000.0,1784275200000,put,0.001,0.16666666666666666,0.8343769998973717,0.0,359.5497,False
0.069,0.0575,0.0575,0.0,BTC-10JUL26-57000-C,0.0655,0.068,1.4,0.06702812,1782497953814,-16.6667,1.4,49.46,59924.95,BTC-10JUL26,BTC,BTC,59924.95,5505.92,0.06675,57000.0,1783670400000,call,0.0025000000000000022,0.03745318352059928,0.9511897798830037,2924.949999999997,3999.9904125,False
0.014,0.006,0.011,0.0,BTC-3JUL26-62000-C,0.0095,0.0105,835.3,0.00985063,1782497953814,22.2222,642.7,42.28,59924.95,BTC-3JUL26,BTC,BTC,59924.95,408662.67,0.01,62000.0,1783065600000,call,0.0010000000000000009,0.10000000000000009,1.0346274798727408,0.0,599.2495,False
0.0525,0.04,0.0525,0.0,BTC-10JUL26-58000-C,0.054,0.0555,55.1,0.05478763,1782497953814,3.9604,52.8,47.61,59924.95,BTC-10JUL26,BTC,BTC,59924.95,144997.82,0.05475,58000.0,1783670400000,call,0.0015000000000000013,0.027397260273972626,0.9678773198809512,1924.949999999997,3280.8910124999998,False
0.0735,0.0735,0.0735,0.0,BTC-10JUL26-64000-P,0.074,0.0775,86.2,0.0756513,1782497953814,0.0,0.1,39.36,59924.95,BTC-10JUL26,BTC,BTC,59924.95,441.63,0.07575,64000.0,1783670400000,put,0.003500000000000003,0.04620462046204625,1.0680025598686358,4075.050000000003,4539.3149625,False
0.018,0.0047,0.0047,0.0,BTC-29JUN26-58500-P,0.005,0.0055,16.5,0.00543509,1782497953814,-41.25,35.7,43.39,59924.95,index_price,BTC,BTC,59924.95,27356.61,0.0052499999999999995,58500.0,1782720000000,put,0.0004999999999999996,0.09523809523809516,0.9762210898799248,0.0,314.60598749999997,False
,,,0.0,BTC-25JUN27-52000-P,0.0995,0.104,0.0,0.10203142,1782497953814,,0.0,47.71,59924.95,BTC-25JUN27,BTC,BTC,59924.95,0.0,0.10175000000000001,52000.0,1813910400000,put,0.00449999999999999,0.04422604422604413,0.8677520798932665,0.0,6097.3636625,False
,,0.2658,0.0,BTC-25SEP26-78000-P,0.295,0.304,635.7,0.300871,1782497953814,,0.0,38.72,59924.95,BTC-25SEP26,BTC,BTC,59924.95,0.0,0.2995,78000.0,1790323200000,put,0.009000000000000008,0.03005008347245412,1.3016281198398998,18075.050000000003,17947.522524999997,True
0.028,0.0235,0.0265,0.0,BTC-28AUG26-67000-C,0.0255,0.0265,337.8,0.02616042,1782497953814,1.9231,3.0,39.25,59924.95,BTC-28AUG26,BTC,BTC,59924.95,4605.02,0.026,67000.0,1787904000000,call,0.0010000000000000009,0.0384615384615385,1.118065179862478,0.0,1558.0486999999998,False
0.044,0.0415,0.044,0.0,BTC-26MAR27-86000-C,0.042,0.044,103.0,0.04281342,1782497953814,6.0241,1.0,42.6,59924.95,BTC-26MAR27,BTC,BTC,59924.95,2541.46,0.043,86000.0,1806048000000,call,0.001999999999999995,0.046511627906976626,1.4351284398234794,0.0,2576.77285,False
,,0.293,0.0,BTC-28AUG26-46000-C,0.2475,0.25,1.0,0.24825683,1782497953814,,0.0,56.32,59924.95,BTC-28AUG26,BTC,BTC,59924.95,0.0,0.24875,46000.0,1787904000000,call,0.0025000000000000022,0.010050251256281416,0.7676268399055819,13924.949999999997,14906.331312499999,False
0.0085,0.0026,0.003,0.0,BTC-30JUN26-56000-P,0.0025,0.0028,29.0,0.00277471,1782497953814,-18.9189,29.7,55.69,59924.95,index_price,BTC,BTC,59924.95,7588.66,0.00265,56000.0,1782806400000,put,0.0002999999999999999,0.1132075471698113,0.9345022398850563,0.0,158.8011175,False
,,,0.0,BTC-25JUN27-80000-P,0.361,0.3745,0.0,0.36817884,1782497953814,,0.0,43.15,59924.95,BTC-25JUN27,BTC,BTC,59924.95,0.0,0.36775,80000.0,1813910400000,put,0.013500000000000012,0.03670972127804218,1.3350031998357947,20075.050000000003,22037.4003625,False
0.087,0.0795,0.086,0.0,BTC-25DEC26-55000-P,0.08,0.0815,938.4,0.08072416,1782497953814,3.6145,36.2,46.47,59924.95,BTC-25DEC26,BTC,BTC,59924.95,179353.92,0.08075,55000.0,1798185600000,put,0.0015000000000000013,0.01857585139318887,0.9178146998871088,0.0,4838.9397125,False
0.0662,0.0582,0.0582,0.0,BTC-28JUN26-63500-P,0.0555,0.0635,50.0,0.05965385,1782497953814,-12.0846,62.5,40.13,59924.95,index_price,BTC,BTC,59924.95,229787.44,0.0595,63500.0,1782633600000,put,0.008,0.13445378151260506,1.059658789869662,3575.050000000003,3565.5345249999996,True
0.025,0.0205,0.0205,0.0,BTC-25JUN27-30000-P,0.0205,0.023,3.2,0.02175904,1782497953814,-14.5833,3.1,60.04,59924.95,BTC-25JUN27,BTC,BTC,59924.95,4277.05,0.02175,30000.0,1813910400000,put,0.0024999999999999988,0.11494252873563214,0.500626199938423,0.0,1303.3676624999998,False
,,0.075,0.0,BTC-10JUL26-55000-C,0.0925,0.0955,1.0,0.09397763,1782497953814,,0.0,53.45,59924.95,BTC-10JUL26,BTC,BTC,59924.95,0.0,0.094,55000.0,1783670400000,call,0.0030000000000000027,0.0319148936170213,0.9178146998871088,4924.949999999997,5632.945299999999,False
0.0115,0.0036,0.0075,0.0,BTC-29JUN26-61000-C,0.0047,0.0055,226.5,0.00502992,1782497953814,25.0,265.0,35.07,59924.95,index_price,BTC,BTC,59924.95,124629.71,0.0051,61000.0,1782720000000,call,0.0007999999999999995,0.1568627450980391,1.0179399398747935,0.0,305.617245,False
0.046,0.0365,0.044,0.0,BTC-28AUG26-64000-C,0.041,0.0425,298.3,0.0418573,1782497953814,8.642,180.0,40.52,59924.95,BTC-28AUG26,BTC,BTC,59924.95,441242.85,0.04175,64000.0,1787904000000,call,0.0015000000000000013,0.03592814371257488,1.0680025598686358,0.0,2501.8666625,False
0.015,0.0125,0.0125,0.0,BTC-28AUG26-71000-C,0.013,0.0135,650.1,0.01360088,1782497953814,-3.8462,64.0,38.67,59924.95,BTC-28AUG26,BTC,BTC,59924.95,50193.51,0.01325,71000.0,1787904000000,call,0.0005000000000000004,0.03773584905660381,1.1848153398542678,0.0,794.0055874999999,False
0.328,0.328,0.328,0.0,BTC-25DEC26-78000-P,0.31,0.3185,233.1,0.31593343,1782497953814,0.0,0.1,41.59,59924.95,BTC-25DEC26,BTC,BTC,59924.95,1944.58,0.31425000000000003,78000.0,1798185600000,put,0.008500000000000008,0.027048528241845685,1.3016281198398998,18075.050000000003,18831.4155375,False
0.0635,0.0416,0.0625,0.0,BTC-3JUL26-62000-P,0.0425,0.0455,684.0,0.04401216,1782497953814,13.4301,247.1,42.28,59924.95,BTC-3JUL26,BTC,BTC,59924.95,632933.2,0.044,62000.0,1783065600000,put,0.0029999999999999957,0.0681818181818181,1.0346274798727408,2075.050000000003,2636.6978,False
0.197,0.197,0.197,0.0,BTC-28AUG26-71000-P,0.1905,0.195,7.3,0.19324468,1782497953814,0.0,0.2,38.67,59924.95,BTC-28AUG26,BTC,BTC,59924.95,2355.46,0.19275,71000.0,1787904000000,put,0.004500000000000004,0.023346303501945546,1.1848153398542678,11075.050000000003,11550.5341125,False
0.329,0.329,0.329,0.0,BTC-25JUN27-76000-P,0.3135,0.3255,0.1,0.32001644,1782497953814,0.0,0.1,43.47,59924.95,BTC-25JUN27,BTC,BTC,59924.95,1954.04,0.3195,76000.0,1813910400000,put,0.01200000000000001,0.037558685446009425,1.2682530398440048,16075.050000000003,19146.021525,False
0.0085,0.0065,0.0085,0.0,BTC-30JUN26-57500-P,0.0049,0.0055,45.0,0.00538166,1782497953814,30.7692,45.0,49.91,59924.95,index_price,BTC,BTC,59924.95,18115.5,0.0052,57500.0,1782806400000,put,0.0005999999999999998,0.11538461538461536,0.9595335498819774,0.0,311.60974,False
0.0085,0.007,0.007,0.0,BTC-25SEP26-80000-C,0.007,0.0075,3281.2,0.00734576,1782497953814,-6.6667,36.2,38.98,59924.95,BTC-25SEP26,BTC,BTC,59924.95,16753.01,0.0072499999999999995,80000.0,1790323200000,call,0.0004999999999999996,0.06896551724137925,1.3350031998357947,0.0,434.45588749999996,False
,,0.2631,0.0,BTC-3JUL26-75000-P,0.242,0.2695,0.3,0.25113936,1782497953815,,0.0,64.03,59924.95,BTC-3JUL26,BTC,BTC,59924.95,0.0,0.25575000000000003,75000.0,1783065600000,put,0.027500000000000024,0.10752688172043019,1.2515654998460575,15075.050000000003,15325.8059625,False
,,,0.0,BTC-25JUN27-78000-C,0.09,0.0935,0.0,0.09162142,1782497953815,,0.0,43.32,59924.95,BTC-25JUN27,BTC,BTC,59924.95,0.0,0.09175,78000.0,1813910400000,call,0.003500000000000003,0.03814713896457769,1.3016281198398998,0.0,5498.1141625,False
0.0685,0.0475,0.0475,0.0,BTC-3JUL26-63000-P,0.055,0.0585,504.0,0.05657983,1782497953815,-30.6569,11.2,41.25,59924.95,BTC-3JUL26,BTC,BTC,59924.95,41681.21,0.05675,63000.0,1783065600000,put,0.003500000000000003,0.06167400881057274,1.0513150198706882,3075.050000000003,3400.7409125,False
0.089,0.089,0.089,0.0,BTC-28AUG26-58000-C,0.09,0.092,122.0,0.09098126,1782497953815,0.0,1.0,44.06,59924.95,BTC-28AUG26,BTC,BTC,59924.95,5302.46,0.091,58000.0,1787904000000,call,0.0020000000000000018,0.021978021978021997,0.9678773198809512,1924.949999999997,5453.17045,False
0.2,0.193,0.2,0.0,BTC-31JUL26-72000-P,0.2,0.205,365.0,0.20261999,1782497953815,1.0101,0.9,38.68,59924.95,BTC-31JUL26,BTC,BTC,59924.95,10617.92,0.2025,72000.0,1785484800000,put,0.004999999999999977,0.024691358024691242,1.2015028798522152,12075.050000000003,12134.802375,False
0.0845,0.0605,0.0687,0.0,BTC-3JUL26-64000-P,0.067,0.073,348.7,0.07080077,1782497953815,-18.6982,11.5,41.04,59924.95,BTC-3JUL26,BTC,BTC,59924.95,46058.3,0.07,64000.0,1783065600000,put,0.0059999999999999915,0.08571428571428559,1.0680025598686358,4075.050000000003,4194.7465,False
0.1841,0.179,0.1795,0.0,BTC-25JUN27-62000-C,0.179,0.183,77.3,0.18072938,1782497953815,0.2793,52.0,45.29,59924.95,BTC-25JUN27,BTC,BTC,59924.95,577615.87,0.181,62000.0,1813910400000,call,0.0040000000000000036,0.022099447513812175,1.0346274798727408,0.0,10846.415949999999,False
0.021,0.0095,0.021,0.0,BTC-29JUN26-59500-C,0.016,0.0175,47.6,0.01695875,1782497953815,35.4839,31.5,38.93,59924.95,index_price,BTC,BTC,59924.95,28819.49,0.01675,59500.0,1782720000000,call,0.0015000000000000013,0.08955223880597023,0.9929086298778723,424.9499999999971,1003.7429125,False
0.028,0.0135,0.028,0.0,BTC-29JUN26-59000-C,0.022,0.0235,22.6,0.02283772,1782497953815,30.2326,20.5,40.98,59924.95,index_price,BTC,BTC,59924.95,26445.25,0.02275,59000.0,1782720000000,call,0.0015000000000000013,0.06593406593406599,0.9845648598788985,924.9499999999971,1363.2926125,False
0.025,0.0095,0.0095,0.0,BTC-29JUN26-59500-P,0.009,0.01,102.5,0.00965615,1782497953815,-51.5306,122.3,38.93,59924.95,index_price,BTC,BTC,59924.95,94267.81,0.0095,59500.0,1782720000000,put,0.0010000000000000009,0.10526315789473693,0.9929086298778723,0.0,569.287025,False
0.182,0.182,0.182,0.0,BTC-26MAR27-58000-C,0.1825,0.1855,4.8,0.18356761,1782497953815,0.0,0.1,45.83,59924.95,BTC-26MAR27,BTC,BTC,59924.95,1082.5,0.184,58000.0,1806048000000,call,0.0030000000000000027,0.01630434782608697,0.9678773198809512,1924.949999999997,11026.190799999998,False
0.0165,0.008,0.012,0.0,BTC-30JUN26-60500-C,0.011,0.012,28.1,0.01172067,1782497953815,-20.0,41.1,40.2,59924.95,index_price,BTC,BTC,59924.95,22402.18,0.0115,60500.0,1782806400000,call,0.0010000000000000009,0.08695652173913052,1.0095961698758198,0.0,689.1369249999999,False
0.0395,0.0315,0.032,0.0,BTC-28AUG26-53000-P,0.029,0.0305,35.8,0.02972674,1782497953815,-4.4776,10.7,48.27,59924.95,BTC-28AUG26,BTC,BTC,59924.95,20969.75,0.02975,53000.0,1787904000000,put,0.0014999999999999979,0.05042016806722682,0.884439619891214,0.0,1782.7672624999998,False
0.0925,0.089,0.0925,0.0,BTC-26MAR27-72000-C,0.089,0.091,52.3,0.08981525,1782497953815,3.9326,0.3,43.16,59924.95,BTC-26MAR27,BTC,BTC,59924.95,1638.92,0.09,72000.0,1806048000000,call,0.0020000000000000018,0.022222222222222244,1.2015028798522152,0.0,5393.2455,False
,,0.285,0.0,BTC-25JUN27-50000-C,0.2855,0.292,10.0,0.2875409,1782497953815,,0.0,48.33,59924.95,BTC-25JUN27,BTC,BTC,59924.95,0.0,0.28874999999999995,50000.0,1813910400000,call,0.006500000000000006,0.022510822510822533,0.8343769998973717,9924.949999999997,17303.329312499995,False
,,0.2135,0.0,BTC-25DEC26-55000-C,0.1775,0.1805,42.8,0.17890356,1782497953815,,0.0,46.47,59924.95,BTC-25DEC26,BTC,BTC,59924.95,0.0,0.179,55000.0,1798185600000,call,0.0030000000000000027,0.016759776536312866,0.9178146998871088,4924.949999999997,10726.56605,False
,,,0.0,BTC-25SEP26-52000-C,0.174,0.177,0.0,0.17524008,1782497953815,,0.0,48.33,59924.95,BTC-25SEP26,BTC,BTC,59924.95,0.0,0.1755,52000.0,1790323200000,call,0.0030000000000000027,0.01709401709401711,0.8677520798932665,7924.949999999997,10516.828725,False
0.1705,0.1705,0.1705,0.0,BTC-28AUG26-69000-P,0.162,0.167,23.3,0.16547759,1782497953815,0.0,0.2,38.97,59924.95,BTC-28AUG26,BTC,BTC,59924.95,2036.06,0.1645,69000.0,1787904000000,put,0.0050000000000000044,0.030395136778115527,1.1514402598583728,9075.050000000003,9857.654275,False
,,0.203,0.0,BTC-26MAR27-66000-P,0.191,0.196,112.9,0.19427792,1782497953815,,0.0,44.06,59924.95,BTC-26MAR27,BTC,BTC,59924.95,0.0,0.1935,66000.0,1806048000000,put,0.0050000000000000044,0.02583979328165377,1.1013776398645305,6075.050000000003,11595.477825,False
0.026,0.0115,0.0135,0.0,BTC-3JUL26-58000-P,0.013,0.0135,2082.8,0.01343483,1782497953815,-20.5882,642.1,50.54,59924.95,BTC-3JUL26,BTC,BTC,59924.95,618729.64,0.01325,58000.0,1783065600000,put,0.0005000000000000004,0.03773584905660381,0.9678773198809512,0.0,794.0055874999999,False
0.0505,0.045,0.0505,0.0,BTC-25DEC26-75000-C,0.0455,0.047,1109.6,0.04607532,1782497953815,6.3158,1.3,41.7,59924.95,BTC-25DEC26,BTC,BTC,59924.95,3919.81,0.04625,75000.0,1798185600000,call,0.0015000000000000013,0.03243243243243246,1.2515654998460575,0.0,2771.5289374999998,False
0.027,0.023,0.023,0.0,BTC-26MAR27-35000-P,0.0235,0.0245,388.5,0.02392908,1782497953815,-13.2075,6.2,57.97,59924.95,BTC-26MAR27,BTC,BTC,59924.95,8943.11,0.024,35000.0,1806048000000,put,0.0010000000000000009,0.041666666666666706,0.5840638999281602,0.0,1438.1988,False
,,,0.0,BTC-25JUN27-30000-C,0.5385,0.544,0.0,0.54013562,1782497953815,,0.0,60.04,59924.95,BTC-25JUN27,BTC,BTC,59924.95,0.0,0.54125,30000.0,1813910400000,call,0.00550000000000006,0.010161662817552075,0.500626199938423,29924.949999999997,32434.3791875,False
0.0048,0.0033,0.0035,0.0,BTC-31JUL26-72000-C,0.0033,0.0036,1525.4,0.00360558,1782497953815,-25.5319,55.4,38.68,59924.95,BTC-31JUL26,BTC,BTC,59924.95,13566.2,0.00345,72000.0,1785484800000,call,0.0002999999999999999,0.08695652173913042,1.2015028798522152,0.0,206.7410775,False
0.0925,0.075,0.0805,0.0,BTC-28AUG26-61000-P,0.0755,0.077,424.3,0.07677689,1782497953815,-1.8293,11.6,42.04,59924.95,BTC-28AUG26,BTC,BTC,59924.95,59073.16,0.07625,61000.0,1787904000000,put,0.0015000000000000013,0.019672131147541003,1.0179399398747935,1075.050000000003,4569.2774375,False
0.035,0.03,0.03,0.0,BTC-25SEP26-50000-P,0.0285,0.03,3282.5,0.02923804,1782497953815,-4.7619,49.1,50.06,59924.95,BTC-25SEP26,BTC,BTC,59924.95,96262.75,0.029249999999999998,50000.0,1790323200000,put,0.0014999999999999979,0.05128205128205121,0.8343769998973717,0.0,1752.8047874999997,False
,,,0.0,BTC-3JUL26-69000-P,0.1475,0.154,0.0,0.15121086,1782497953815,,0.0,46.68,59924.95,BTC-3JUL26,BTC,BTC,59924.95,0.0,0.15075,69000.0,1783065600000,put,0.006500000000000006,0.04311774461028196,1.1514402598583728,9075.050000000003,9033.686212499999,True
,,0.181,0.0,BTC-26MAR27-64000-P,0.1735,0.1765,130.0,0.1751369,1782497953815,,0.0,44.43,59924.95,BTC-26MAR27,BTC,BTC,59924.95,0.0,0.175,64000.0,1806048000000,put,0.0030000000000000027,0.017142857142857158,1.0680025598686358,4075.050000000003,10486.86625,False
0.0635,0.0565,0.0635,0.0,BTC-28AUG26-61000-C,0.0625,0.064,141.7,0.0632801,1782497953815,6.7227,26.9,42.04,59924.95,BTC-28AUG26,BTC,BTC,59924.95,101623.48,0.06325,61000.0,1787904000000,call,0.0015000000000000013,0.023715415019762865,1.0179399398747935,0.0,3790.2530874999998,False
0.176,0.167,0.1705,0.0,BTC-31JUL26-70000-P,0.169,0.174,886.8,0.17168262,1782497953815,2.0958,1.5,38.65,59924.95,BTC-31JUL26,BTC,BTC,59924.95,15453.15,0.17149999999999999,70000.0,1785484800000,put,0.004999999999999977,0.029154518950437185,1.1681277998563204,10075.050000000003,10277.128924999999,False
0.4575,0.4575,0.4575,0.0,BTC-26MAR27-35000-C,0.4545,0.458,3.5,0.45602974,1782497953815,0.0,3.5,57.97,59924.95,BTC-26MAR27,BTC,BTC,59924.95,95936.19,0.45625000000000004,35000.0,1806048000000,call,0.003500000000000003,0.007671232876712335,0.5840638999281602,24924.949999999997,27340.7584375,False
,,,0.0,BTC-25JUN27-54000-P,0.112,0.1175,0.0,0.11509622,1782497953815,,0.0,47.22,59924.95,BTC-25JUN27,BTC,BTC,59924.95,0.0,0.11474999999999999,54000.0,1813910400000,put,0.005499999999999991,0.047930283224400794,0.9011271598891614,0.0,6876.388012499999,False
0.0175,0.014,0.0165,0.0,BTC-28AUG26-70000-C,0.0155,0.0165,281.7,0.01629103,1782497953815,10.0,165.0,38.95,59924.95,BTC-28AUG26,BTC,BTC,59924.95,146851.63,0.016,70000.0,1787904000000,call,0.0010000000000000009,0.06250000000000006,1.1681277998563204,0.0,958.7991999999999,False
,,0.2725,0.0,BTC-28AUG26-76000-P,0.2655,0.2705,5.4,0.26865319,1782497953815,,0.0,38.88,59924.95,BTC-28AUG26,BTC,BTC,59924.95,0.0,0.268,76000.0,1787904000000,put,0.0050000000000000044,0.018656716417910463,1.2682530398440048,16075.050000000003,16059.8866,True
0.0175,0.0055,0.013,0.0,BTC-27JUN26-59500-C,0.01,0.0115,209.3,0.01082145,1782497953815,23.8095,215.1,42.41,59924.95,index_price,BTC,BTC,59924.95,149030.42,0.01075,59500.0,1782547200000,call,0.0014999999999999996,0.1395348837209302,0.9929086298778723,424.9499999999971,644.1932125,False
0.0075,0.0055,0.0055,0.0,BTC-31JUL26-70000-C,0.005,0.006,2321.9,0.00597417,1782497953815,-8.3333,353.5,38.65,59924.95,BTC-31JUL26,BTC,BTC,59924.95,127761.54,0.0055,70000.0,1785484800000,call,0.001,0.18181818181818182,1.1681277998563204,0.0,329.587225,False
0.0125,0.0019,0.0032,0.0,BTC-27JUN26-60500-C,0.0021,0.0026,318.7,0.00232955,1782497953815,-30.4348,396.0,37.41,59924.95,index_price,BTC,BTC,59924.95,120855.05,0.0023499999999999997,60500.0,1782547200000,call,0.0005,0.21276595744680854,1.0095961698758198,0.0,140.82363249999997,False
0.2235,0.2075,0.2075,0.0,BTC-28AUG26-72000-P,0.205,0.2095,85.7,0.20771321,1782497953815,-7.1588,0.7,38.58,59924.95,BTC-28AUG26,BTC,BTC,59924.95,9148.28,0.20725,72000.0,1787904000000,put,0.004500000000000004,0.021712907117008465,1.2015028798522152,12075.050000000003,12419.445887499998,False
0.0375,0.0375,0.0375,0.0,BTC-26MAR27-88000-C,0.038,0.0395,70.8,0.03856655,1782497953815,0.0,0.1,42.6,59924.95,BTC-26MAR27,BTC,BTC,59924.95,221.96,0.03875,88000.0,1806048000000,call,0.0015000000000000013,0.038709677419354875,1.468503519819374,0.0,2322.0918125,False
,,0.2825,0.0,BTC-26MAR27-74000-P,0.277,0.284,41.3,0.28137786,1782497953815,,0.0,42.96,59924.95,BTC-26MAR27,BTC,BTC,59924.95,0.0,0.28049999999999997,74000.0,1806048000000,put,0.006999999999999951,0.02495543672014243,1.23487795984811,14075.050000000003,16808.948474999997,False
,,0.166,0.0,BTC-28AUG26-73000-P,0.22,0.2245,3.3,0.22280553,1782497953815,,0.0,38.86,59924.95,BTC-28AUG26,BTC,BTC,59924.95,0.0,0.22225,73000.0,1787904000000,put,0.004500000000000004,0.02024746906636672,1.2181904198501627,13075.050000000003,13318.320137499999,False
0.0375,0.0205,0.0254,0.0,BTC-3JUL26-60000-P,0.0245,0.0255,1076.3,0.02486452,1782497953815,-24.1791,203.6,45.69,59924.95,BTC-3JUL26,BTC,BTC,59924.95,339707.03,0.025,60000.0,1783065600000,put,0.0009999999999999974,0.0399999999999999,1.001252399876846,75.05000000000291,1498.12375,False
,,0.079,0.0,BTC-26MAR27-74000-C,0.0795,0.0815,47.7,0.08067639,1782497953815,,0.0,42.96,59924.95,BTC-26MAR27,BTC,BTC,59924.95,0.0,0.0805,74000.0,1806048000000,call,0.0020000000000000018,0.024844720496894433,1.23487795984811,0.0,4823.958474999999,False
0.1505,0.145,0.1505,0.0,BTC-25DEC26-64000-P,0.1495,0.152,184.4,0.15075494,1782497953815,3.7931,0.2,43.36,59924.95,BTC-25DEC26,BTC,BTC,59924.95,1778.73,0.15075,64000.0,1798185600000,put,0.0025000000000000022,0.016583747927031524,1.0680025598686358,4075.050000000003,9033.686212499999,False
,,,0.0,BTC-26MAR27-54000-C,0.2195,0.223,0.0,0.22084124,1782497953815,,0.0,47.06,59924.95,BTC-26MAR27,BTC,BTC,59924.95,0.0,0.22125,54000.0,1806048000000,call,0.003500000000000003,0.015819209039548036,0.9011271598891614,5924.949999999997,13258.3951875,False
0.083,0.083,0.083,0.0,BTC-17JUL26-56000-C,0.0845,0.087,2.1,0.08583221,1782497953815,0.0,1.0,49.14,59924.95,BTC-17JUL26,BTC,BTC,59924.95,4945.17,0.08574999999999999,56000.0,1784275200000,call,0.0024999999999999883,0.029154518950437185,0.9345022398850563,3924.949999999997,5138.5644624999995,False
0.0795,0.063,0.0705,0.0,BTC-28AUG26-60000-C,0.071,0.0725,77.2,0.07178475,1782497953815,-2.7586,25.0,42.63,59924.95,BTC-28AUG26,BTC,BTC,59924.95,106811.73,0.07175,60000.0,1787904000000,call,0.0015000000000000013,0.020905923344947754,1.001252399876846,0.0,4299.615162499999,False
0.0225,0.014,0.0145,0.0,BTC-31JUL26-52000-P,0.0145,0.0155,1998.4,0.01506596,1782497953815,-19.4444,944.9,52.16,59924.95,BTC-31JUL26,BTC,BTC,59924.95,986775.79,0.015,52000.0,1785484800000,put,0.0009999999999999992,0.06666666666666661,0.8677520798932665,0.0,898.87425,False
0.02,0.0135,0.0165,0.0,BTC-17JUL26-54000-P,0.0125,0.0135,111.6,0.01315052,1782497953815,3.125,65.7,52.54,59924.95,BTC-17JUL26,BTC,BTC,59924.95,63486.53,0.013000000000000001,54000.0,1784275200000,put,0.0009999999999999992,0.07692307692307686,0.9011271598891614,0.0,779.02435,False
0.0024,0.0015,0.0017,0.0,BTC-10JUL26-68000-C,0.0014,0.0016,283.2,0.00153007,1782497953815,0.0,129.8,38.8,59924.95,BTC-10JUL26,BTC,BTC,59924.95,15524.26,0.0015,68000.0,1783670400000,call,0.0002000000000000001,0.1333333333333334,1.1347527198604255,0.0,89.887425,False
0.043,0.025,0.027,0.0,BTC-10JUL26-59000-P,0.027,0.028,209.3,0.02753753,1782497953815,-19.403,223.6,45.93,59924.95,BTC-10JUL26,BTC,BTC,59924.95,427384.67,0.0275,59000.0,1783670400000,put,0.0010000000000000009,0.0363636363636364,0.9845648598788985,0.0,1647.936125,False
0.06,0.0495,0.05,0.0,BTC-28AUG26-57000-P,0.048,0.049,214.8,0.04848654,1782497953815,1.0101,24.5,44.78,59924.95,BTC-28AUG26,BTC,BTC,59924.95,75882.77,0.0485,57000.0,1787904000000,put,0.0010000000000000009,0.020618556701030945,0.9511897798830037,0.0,2906.360075,False
0.2865,0.2865,0.2865,0.0,BTC-25DEC26-75000-P,0.2735,0.2785,887.9,0.27583068,1782497953815,0.0,0.2,41.7,59924.95,BTC-25DEC26,BTC,BTC,59924.95,3399.06,0.276,75000.0,1798185600000,put,0.0050000000000000044,0.018115942028985522,1.2515654998460575,15075.050000000003,16539.286200000002,False
0.183,0.1765,0.1765,0.0,BTC-28AUG26-70000-P,0.177,0.181,96.9,0.17932013,1782497953815,-3.5519,0.3,38.95,59924.95,BTC-28AUG26,BTC,BTC,59924.95,3215.72,0.179,70000.0,1787904000000,put,0.0040000000000000036,0.02234636871508382,1.1681277998563204,10075.050000000003,10726.56605,False
0.0795,0.0665,0.0666,0.0,BTC-28AUG26-60000-P,0.068,0.069,734.8,0.06866684,1782497953815,-12.9412,60.5,42.63,59924.95,BTC-28AUG26,BTC,BTC,59924.95,253943.37,0.0685,60000.0,1787904000000,put,0.0010000000000000009,0.014598540145985413,1.001252399876846,75.05000000000291,4104.859075,False
,,0.073,0.0,BTC-26MAR27-76000-C,0.0715,0.0735,421.5,0.07253356,1782497953815,,0.0,42.82,59924.95,BTC-26MAR27,BTC,BTC,59924.95,0.0,0.0725,76000.0,1806048000000,call,0.0020000000000000018,0.02758620689655175,1.2682530398440048,0.0,4344.558875,False
,,0.177,0.0,BTC-10JUL26-75000-P,0.242,0.268,0.1,0.25071178,1782497953815,,0.0,45.55,59924.95,BTC-10JUL26,BTC,BTC,59924.95,0.0,0.255,75000.0,1783670400000,put,0.026000000000000023,0.10196078431372557,1.2515654998460575,15075.050000000003,15280.86225,False
,,0.1395,0.0,BTC-28AUG26-56000-C,0.1115,0.114,6.8,0.11254906,1782497953815,,0.0,45.57,59924.95,BTC-28AUG26,BTC,BTC,59924.95,0.0,0.11275,56000.0,1787904000000,call,0.0025000000000000022,0.022172949002217314,0.9345022398850563,3924.949999999997,6756.538112499999,False
0.015,0.0085,0.0085,0.0,BTC-10JUL26-54000-P,0.0085,0.009,587.9,0.00884521,1782497953815,-32.0,137.4,55.66,59924.95,BTC-10JUL26,BTC,BTC,59924.95,81252.03,0.00875,54000.0,1783670400000,put,0.0004999999999999987,0.05714285714285699,0.9011271598891614,0.0,524.3433125,False
0.259,0.259,0.259,0.0,BTC-25JUN27-70000-P,0.2475,0.2555,0.1,0.25328142,1782497953815,0.0,0.1,44.12,59924.95,BTC-25JUN27,BTC,BTC,59924.95,1538.78,0.2515,70000.0,1813910400000,put,0.008000000000000007,0.031809145129224684,1.1681277998563204,10075.050000000003,15071.124925,False
,,0.1367,0.0,BTC-26MAR27-65000-C,0.1285,0.131,154.5,0.12990348,1782497953815,,0.0,44.24,59924.95,BTC-26MAR27,BTC,BTC,59924.95,0.0,0.12975,65000.0,1806048000000,call,0.0025000000000000022,0.019267822736030844,1.0846900998665832,0.0,7775.262262499999,False
,,0.09,0.0,BTC-28AUG26-74000-P,0.2345,0.2395,3.3,0.2375899,1782497953815,,0.0,38.51,59924.95,BTC-28AUG26,BTC,BTC,59924.95,0.0,0.237,74000.0,1787904000000,put,0.0050000000000000044,0.02109704641350213,1.23487795984811,14075.050000000003,14202.213149999998,False
,,0.2035,0.0,BTC-28AUG26-50000-C,0.189,0.1915,121.0,0.18975355,1782497953815,,0.0,51.43,59924.95,BTC-28AUG26,BTC,BTC,59924.95,0.0,0.19025,50000.0,1787904000000,call,0.0025000000000000022,0.01314060446780553,0.8343769998973717,9924.949999999997,11400.7217375,False
0.047,0.047,0.047,0.0,BTC-26MAR27-84000-C,0.0465,0.048,124.8,0.04729572,1782497953815,0.0,50.0,42.51,59924.95,BTC-26MAR27,BTC,BTC,59924.95,139806.55,0.04725,84000.0,1806048000000,call,0.0015000000000000013,0.03174603174603177,1.4017533598275844,0.0,2831.4538875,False
,,0.369,0.0,BTC-25SEP26-86000-P,0.392,0.479,11.6,0.42733112,1782497953815,,0.0,39.58,59924.95,BTC-25SEP26,BTC,BTC,59924.95,0.0,0.4355,86000.0,1790323200000,put,0.08699999999999997,0.1997703788748564,1.4351284398234794,26075.050000000003,26097.315725,False
0.0395,0.0315,0.034,0.0,BTC-25SEP26-68000-C,0.035,0.036,765.5,0.03548395,1782497953815,-5.5556,86.1,39.79,59924.95,BTC-25SEP26,BTC,BTC,59924.95,185029.84,0.035500000000000004,68000.0,1790323200000,call,0.000999999999999994,0.02816901408450687,1.1347527198604255,0.0,2127.335725,False
,,,0.0,BTC-3JUL26-76000-P,0.259,0.29,0.0,0.26781769,1782497953815,,0.0,67.27,59924.95,BTC-3JUL26,BTC,BTC,59924.95,0.0,0.27449999999999997,76000.0,1783065600000,put,0.030999999999999972,0.11293260473588333,1.2682530398440048,16075.050000000003,16449.398774999998,False
0.0605,0.0535,0.0535,0.0,BTC-25DEC26-50000-P,0.0535,0.0555,1650.0,0.05451491,1782497953815,-3.6036,21.6,48.99,59924.95,BTC-25DEC26,BTC,BTC,59924.95,72567.12,0.0545,50000.0,1798185600000,put,0.0020000000000000018,0.03669724770642205,0.8343769998973717,0.0,3265.9097749999996,False
0.0315,0.0145,0.024,0.0,BTC-3JUL26-60000-C,0.0235,0.0245,512.1,0.02406305,1782497953815,6.6667,594.9,45.69,59924.95,BTC-3JUL26,BTC,BTC,59924.95,742905.8,0.024,60000.0,1783065600000,call,0.0010000000000000009,0.041666666666666706,1.001252399876846,0.0,1438.1988,False
0.052,0.0065,0.0085,0.0,BTC-28JUN26-60000-P,0.008,0.009,105.8,0.00895982,1782497953815,-66.0,148.7,32.04,59924.95,index_price,BTC,BTC,59924.95,112140.08,0.0085,60000.0,1782633600000,put,0.0009999999999999992,0.1176470588235293,1.001252399876846,75.05000000000291,509.362075,False
0.0395,0.03,0.039,0.0,BTC-28AUG26-65000-C,0.0355,0.0365,868.9,0.0360367,1782497953815,11.4286,15.8,40.08,59924.95,BTC-28AUG26,BTC,BTC,59924.95,31347.46,0.036,65000.0,1787904000000,call,0.0010000000000000009,0.027777777777777804,1.0846900998665832,0.0,2157.2981999999997,False
0.1652,0.162,0.1652,0.0,BTC-28AUG26-68000-P,0.1485,0.154,72.3,0.1521139,1782497953815,1.0398,16.4,39.05,59924.95,BTC-28AUG26,BTC,BTC,59924.95,160182.39,0.15125,68000.0,1787904000000,put,0.005500000000000005,0.0363636363636364,1.1347527198604255,8075.050000000003,9063.6486875,False
0.006,0.006,0.006,0.0,BTC-28AUG26-76000-C,0.005,0.006,69.5,0.00593589,1782497953815,0.0,10.0,38.88,59924.95,BTC-28AUG26,BTC,BTC,59924.95,3605.8,0.0055,76000.0,1787904000000,call,0.001,0.18181818181818182,1.2682530398440048,0.0,329.587225,False
0.033,0.0245,0.032,0.0,BTC-31JUL26-63000-C,0.03,0.031,1068.2,0.03034339,1782497953815,30.6122,53.2,40.74,59924.95,BTC-31JUL26,BTC,BTC,59924.95,87953.23,0.0305,63000.0,1785484800000,call,0.0010000000000000009,0.03278688524590167,1.0513150198706882,0.0,1827.710975,False
0.0815,0.0765,0.078,0.0,BTC-25DEC26-54000-P,0.0735,0.0755,1813.1,0.07481168,1782497953816,1.9608,20.1,46.92,59924.95,BTC-25DEC26,BTC,BTC,59924.95,95003.36,0.0745,54000.0,1798185600000,put,0.0020000000000000018,0.02684563758389264,0.9011271598891614,0.0,4464.408775,False
,,,0.0,BTC-28AUG26-40000-C,0.3145,0.373,0.0,0.34141878,1782497953816,,0.0,64.71,59924.95,BTC-28AUG26,BTC,BTC,59924.95,0.0,0.34375,40000.0,1787904000000,call,0.058499999999999996,0.17018181818181818,0.6675015999178974,19924.949999999997,20599.2015625,False
0.3274,0.3274,0.3274,0.0,BTC-26MAR27-78000-P,0.326,0.333,182.2,0.33071405,1782497953816,0.0,47.0,42.69,59924.95,BTC-26MAR27,BTC,BTC,59924.95,926297.55,0.3295,78000.0,1806048000000,put,0.007000000000000006,0.02124430955993932,1.3016281198398998,18075.050000000003,19745.271025,False
0.1575,0.155,0.1575,0.0,BTC-25SEP26-54000-C,0.1495,0.152,7.2,0.15057768,1782497953816,1.6129,7.2,46.71,59924.95,BTC-25SEP26,BTC,BTC,59924.95,67368.69,0.15075,54000.0,1790323200000,call,0.0025000000000000022,0.016583747927031524,0.9011271598891614,5924.949999999997,9033.686212499999,False
0.1295,0.1134,0.1155,0.0,BTC-25DEC26-60000-P,0.1145,0.117,6096.4,0.11577015,1782497953816,0.4348,181.9,44.5,59924.95,BTC-25DEC26,BTC,BTC,59924.95,1254553.99,0.11575,60000.0,1798185600000,put,0.0025000000000000022,0.02159827213822896,1.001252399876846,75.05000000000291,6936.3129625,False
0.215,0.215,0.215,0.0,BTC-25JUN27-58000-C,0.2105,0.216,0.2,0.21207853,1782497953816,0.0,0.2,46.07,59924.95,BTC-25JUN27,BTC,BTC,59924.95,2582.48,0.21325,58000.0,1813910400000,call,0.005500000000000005,0.025791324736225113,0.9678773198809512,1924.949999999997,12778.9955875,False
0.005,0.0035,0.0035,0.0,BTC-25SEP26-85000-C,0.0036,0.0041,1286.1,0.00380729,1782497953816,-30.0,4.6,39.35,59924.95,BTC-25SEP26,BTC,BTC,59924.95,1341.85,0.00385,85000.0,1790323200000,call,0.0005000000000000004,0.12987012987012997,1.4184408998255318,0.0,230.7110575,False
,,0.397,0.0,BTC-25DEC26-88000-P,0.4555,0.463,4.3,0.46074687,1782497953816,,0.0,41.68,59924.95,BTC-25DEC26,BTC,BTC,59924.95,0.0,0.45925000000000005,88000.0,1798185600000,put,0.007500000000000007,0.016330974414806763,1.468503519819374,28075.050000000003,27520.533287500002,True
,,0.1065,0.0,BTC-31JUL26-87000-P,0.439,0.4675,8.1,0.4491321,1782497953816,,0.0,47.64,59924.95,BTC-31JUL26,BTC,BTC,59924.95,0.0,0.45325000000000004,87000.0,1785484800000,put,0.028500000000000025,0.06287920573634864,1.4518159798214267,27075.050000000003,27160.983587500003,False
0.14,0.126,0.126,0.0,BTC-31JUL26-67000-P,0.1265,0.1305,200.9,0.12828997,1782497953816,-10.0,4.6,39.13,59924.95,BTC-31JUL26,BTC,BTC,59924.95,37065.98,0.1285,67000.0,1785484800000,put,0.0040000000000000036,0.03112840466926073,1.118065179862478,7075.050000000003,7700.356075,False
,,0.133,0.0,BTC-26MAR27-66000-C,0.122,0.1245,19.2,0.12338201,1782497953816,,0.0,44.06,59924.95,BTC-26MAR27,BTC,BTC,59924.95,0.0,0.12325,66000.0,1806048000000,call,0.0025000000000000022,0.020283975659229226,1.1013776398645305,0.0,7385.7500875,False
,,,0.0,BTC-25JUN27-62000-P,0.1725,0.178,0.0,0.17608444,1782497953816,,0.0,45.29,59924.95,BTC-25JUN27,BTC,BTC,59924.95,0.0,0.17525,62000.0,1813910400000,put,0.005500000000000005,0.031383737517831696,1.0346274798727408,2075.050000000003,10501.8474875,False
0.0295,0.0135,0.0135,0.0,BTC-29JUN26-60500-P,0.016,0.018,53.7,0.01739173,1782497953816,-46.0,71.7,36.05,59924.95,index_price,BTC,BTC,59924.95,92692.53,0.017,60500.0,1782720000000,put,0.0019999999999999983,0.1176470588235293,1.0095961698758198,575.0500000000029,1018.72415,False
0.014,0.0085,0.0085,0.0,BTC-17JUL26-52000-P,0.0085,0.0095,113.8,0.0088232,1782497953816,-26.087,138.8,55.84,59924.95,BTC-17JUL26,BTC,BTC,59924.95,94463.91,0.009000000000000001,52000.0,1784275200000,put,0.0009999999999999992,0.11111111111111101,0.8677520798932665,0.0,539.32455,False
0.312,0.312,0.312,0.0,BTC-26MAR27-45000-C,0.3205,0.3245,3.2,0.3216827,1782497953816,0.0,2.9,50.99,59924.95,BTC-26MAR27,BTC,BTC,59924.95,52972.43,0.3225,45000.0,1806048000000,call,0.0040000000000000036,0.012403100775193809,0.7509392999076345,14924.949999999997,19325.796374999998,False
0.0043,0.0034,0.0034,0.0,BTC-25SEP26-30000-P,0.0031,0.0034,1609.2,0.00326927,1782497953816,-12.8205,387.3,75.78,59924.95,BTC-25SEP26,BTC,BTC,59924.95,89354.92,0.00325,30000.0,1790323200000,put,0.0002999999999999999,0.09230769230769229,0.500626199938423,0.0,194.75608749999998,False
0.0575,0.053,0.0565,0.0,BTC-17JUL26-62000-P,0.0575,0.06,17.7,0.05882099,1782497953816,0.8929,15.7,41.42,59924.95,BTC-17JUL26,BTC,BTC,59924.95,52141.15,0.05875,62000.0,1784275200000,put,0.0024999999999999953,0.042553191489361625,1.0346274798727408,2075.050000000003,3520.5908124999996,False
0.17,0.1495,0.17,0.0,BTC-31JUL26-69000-P,0.1545,0.159,216.9,0.15701862,1782497953816,13.7124,1.0,39.03,59924.95,BTC-31JUL26,BTC,BTC,59924.95,9869.12,0.15675,69000.0,1785484800000,put,0.004500000000000004,0.02870813397129189,1.1514402598583728,9075.050000000003,9393.2359125,False
0.01,0.0012,0.0016,0.0,BTC-28JUN26-57500-P,0.001,0.0012,39.1,0.00117182,1782497953816,-83.1579,47.8,46.23,59924.95,index_price,BTC,BTC,59924.95,22675.64,0.0010999999999999998,57500.0,1782633600000,put,0.00019999999999999987,0.18181818181818174,0.9595335498819774,0.0,65.91744499999999,False
,,0.1535,0.0,BTC-25DEC26-66000-P,0.1685,0.172,163.3,0.17045647,1782497953816,,0.0,42.89,59924.95,BTC-25DEC26,BTC,BTC,59924.95,0.0,0.17025,66000.0,1798185600000,put,0.0034999999999999754,0.020558002936857417,1.1013776398645305,6075.050000000003,10202.2227375,False
0.007,0.0055,0.0055,0.0,BTC-25SEP26-82000-C,0.0055,0.006,2390.3,0.00556786,1782497953816,-8.3333,40.3,38.99,59924.95,BTC-25SEP26,BTC,BTC,59924.95,15600.76,0.00575,82000.0,1790323200000,call,0.0005000000000000004,0.08695652173913052,1.3683782798316895,0.0,344.56846249999995,False
,,0.082,0.0,BTC-17JUL26-55000-C,0.0975,0.1005,3.0,0.09903311,1782497953816,,0.0,50.67,59924.95,BTC-17JUL26,BTC,BTC,59924.95,0.0,0.099,55000.0,1784275200000,call,0.0030000000000000027,0.030303030303030328,0.9178146998871088,4924.949999999997,5932.57005,False
,,0.075,0.0,BTC-10JUL26-65000-P,0.088,0.0915,117.1,0.08956599,1782497953816,,0.0,39.15,59924.95,BTC-10JUL26,BTC,BTC,59924.95,0.0,0.08975,65000.0,1783670400000,put,0.003500000000000003,0.0389972144846797,1.0846900998665832,5075.050000000003,5378.2642625,False
,,0.4805,0.0,BTC-25DEC26-35000-C,0.4405,0.4435,77.6,0.44164838,1782497953816,,0.0,61.7,59924.95,BTC-25DEC26,BTC,BTC,59924.95,0.0,0.442,35000.0,1798185600000,call,0.0030000000000000027,0.006787330316742088,0.5840638999281602,24924.949999999997,26486.8279,False
,,0.2445,0.0,BTC-26MAR27-72000-P,0.254,0.2605,134.4,0.25806533,1782497953816,,0.0,43.16,59924.95,BTC-26MAR27,BTC,BTC,59924.95,0.0,0.25725,72000.0,1806048000000,put,0.006500000000000006,0.0252672497570457,1.2015028798522152,12075.050000000003,15415.693387499998,False
,,0.1055,0.0,BTC-10JUL26-68000-P,0.1315,0.1375,6.7,0.13535745,1782497953816,,0.0,38.8,59924.95,BTC-10JUL26,BTC,BTC,59924.95,0.0,0.1345,68000.0,1783670400000,put,0.006000000000000005,0.04460966542750933,1.1347527198604255,8075.050000000003,8059.905775,True
,,0.172,0.0,BTC-31JUL26-89000-P,0.4715,0.504,5.9,0.48242811,1782497953816,,0.0,49.99,59924.95,BTC-31JUL26,BTC,BTC,59924.95,0.0,0.48775,89000.0,1785484800000,put,0.03250000000000003,0.06663249615581758,1.4851910598173215,29075.050000000003,29228.3943625,False
0.0355,0.02,0.022,0.0,BTC-10JUL26-58000-P,0.0215,0.0225,555.2,0.02194094,1782497953816,-10.2041,238.6,47.61,59924.95,BTC-10JUL26,BTC,BTC,59924.95,350047.93,0.022,58000.0,1783670400000,put,0.0010000000000000009,0.0454545454545455,0.9678773198809512,0.0,1318.3489,False
0.008,0.004,0.007,0.0,BTC-30JUN26-61500-C,0.005,0.006,35.2,0.00577253,1782497953816,-12.5,36.8,38.53,59924.95,index_price,BTC,BTC,59924.95,9987.39,0.0055,61500.0,1782806400000,call,0.001,0.18181818181818182,1.0262837098737672,0.0,329.587225,False
0.0175,0.011,0.0125,0.0,BTC-17JUL26-64000-C,0.014,0.015,369.3,0.01423524,1782497953816,-3.8462,419.9,39.71,59924.95,BTC-17JUL26,BTC,BTC,59924.95,330976.4,0.014499999999999999,64000.0,1784275200000,call,0.0009999999999999992,0.06896551724137925,1.0680025598686358,0.0,868.9117749999999,False
0.1345,0.1345,0.1345,0.0,BTC-26MAR27-58000-P,0.1235,0.126,108.4,0.12465814,1782497953816,0.0,1.0,45.83,59924.95,BTC-26MAR27,BTC,BTC,59924.95,7927.73,0.12475,58000.0,1806048000000,put,0.0025000000000000022,0.020040080160320658,0.9678773198809512,0.0,7475.6375124999995,False
,,0.0675,0.0,BTC-17JUL26-63000-P,0.068,0.0705,11.7,0.06936416,1782497953816,,0.0,40.51,59924.95,BTC-17JUL26,BTC,BTC,59924.95,0.0,0.06925,63000.0,1784275200000,put,0.0024999999999999883,0.0361010830324908,1.0513150198706882,3075.050000000003,4149.8027875,False
0.044,0.0325,0.033,0.0,BTC-28AUG26-54000-P,0.033,0.034,351.6,0.03363711,1782497953816,-10.8108,314.8,47.32,59924.95,BTC-28AUG26,BTC,BTC,59924.95,688462.09,0.0335,54000.0,1787904000000,put,0.0010000000000000009,0.02985074626865674,0.9011271598891614,0.0,2007.485825,False
,,0.0025,0.0,BTC-28AUG26-81000-C,0.0021,0.0026,500.3,0.00240335,1782497953816,,0.0,38.97,59924.95,BTC-28AUG26,BTC,BTC,59924.95,0.0,0.0023499999999999997,81000.0,1787904000000,call,0.0005,0.21276595744680854,1.351690739833742,0.0,140.82363249999997,False
0.011,0.007,0.009,0.0,BTC-10JUL26-64000-C,0.008,0.009,990.5,0.00850879,1782497953816,12.5,413.2,39.36,59924.95,BTC-10JUL26,BTC,BTC,59924.95,186581.22,0.0085,64000.0,1783670400000,call,0.0009999999999999992,0.1176470588235293,1.0680025598686358,0.0,509.362075,False
0.06,0.0435,0.0435,0.0,BTC-31JUL26-59000-P,0.0445,0.0455,1435.4,0.04516638,1782497953816,-17.1429,747.6,43.92,59924.95,BTC-31JUL26,BTC,BTC,59924.95,2153574.08,0.045,59000.0,1785484800000,put,0.0010000000000000009,0.022222222222222244,0.9845648598788985,0.0,2696.62275,False
0.0285,0.018,0.026,0.0,BTC-17JUL26-62000-C,0.025,0.026,72.3,0.02534228,1782497953816,-3.7037,78.6,41.42,59924.95,BTC-17JUL26,BTC,BTC,59924.95,116769.76,0.025500000000000002,62000.0,1784275200000,call,0.0009999999999999974,0.0392156862745097,1.0346274798727408,0.0,1528.086225,False
0.0054,0.0026,0.0054,0.0,BTC-30JUN26-62000-C,0.0036,0.004,17.4,0.00387042,1782497953816,8.0,17.4,38.06,59924.95,index_price,BTC,BTC,59924.95,3722.68,0.0038,62000.0,1782806400000,call,0.0004000000000000002,0.10526315789473689,1.0346274798727408,0.0,227.71481,False
,,,0.0,BTC-17JUL26-65000-P,0.0925,0.0955,0.0,0.09380064,1782497953816,,0.0,39.04,59924.95,BTC-17JUL26,BTC,BTC,59924.95,0.0,0.094,65000.0,1784275200000,put,0.0030000000000000027,0.0319148936170213,1.0846900998665832,5075.050000000003,5632.945299999999,False
0.076,0.076,0.076,0.0,BTC-17JUL26-57000-C,0.072,0.0745,1.0,0.07329527,1782497953816,0.0,1.0,47.61,59924.95,BTC-17JUL26,BTC,BTC,59924.95,4567.73,0.07325,57000.0,1784275200000,call,0.0025000000000000022,0.034129692832764534,0.9511897798830037,2924.949999999997,4389.502587499999,False
0.025,0.0175,0.025,0.0,BTC-30JUN26-60000-P,0.016,0.0175,107.4,0.01675663,1782497953816,42.8571,109.0,41.24,59924.95,index_price,BTC,BTC,59924.95,123708.3,0.01675,60000.0,1782806400000,put,0.0015000000000000013,0.08955223880597023,1.001252399876846,75.05000000000291,1003.7429125,False
0.0027,0.0027,0.0027,0.0,BTC-25SEP26-88000-C,0.0025,0.0031,650.4,0.00275866,1782497953816,0.0,0.1,40.08,59924.95,BTC-25SEP26,BTC,BTC,59924.95,16.2,0.0028,88000.0,1790323200000,call,0.0005999999999999998,0.21428571428571422,1.468503519819374,0.0,167.78985999999998,False
0.091,0.0855,0.091,0.0,BTC-25DEC26-66000-C,0.087,0.089,71.9,0.08827176,1782497953816,6.4327,35.4,42.89,59924.95,BTC-25DEC26,BTC,BTC,59924.95,192542.61,0.088,66000.0,1798185600000,call,0.0020000000000000018,0.02272727272727275,1.1013776398645305,0.0,5273.3956,False
0.021,0.0175,0.019,0.0,BTC-28AUG26-69000-C,0.0185,0.019,168.3,0.01906319,1782497953816,5.5556,13.0,38.97,59924.95,BTC-28AUG26,BTC,BTC,59924.95,14745.2,0.01875,69000.0,1787904000000,call,0.0005000000000000004,0.026666666666666693,1.1514402598583728,0.0,1123.5928124999998,False
0.0545,0.045,0.0525,0.0,BTC-25SEP26-65000-C,0.0505,0.052,552.6,0.0512758,1782497953816,11.7021,13.1,40.79,59924.95,BTC-25SEP26,BTC,BTC,59924.95,40627.71,0.051250000000000004,65000.0,1790323200000,call,0.0014999999999999944,0.029268292682926716,1.0846900998665832,0.0,3071.1536875,False
,,0.27,0.0,BTC-26MAR27-80000-P,0.3515,0.359,139.4,0.35657937,1782497953816,,0.0,42.61,59924.95,BTC-26MAR27,BTC,BTC,59924.95,0.0,0.35524999999999995,80000.0,1806048000000,put,0.007500000000000007,0.02111189303307532,1.3350031998357947,20075.050000000003,21288.338487499997,False
0.017,0.0036,0.0066,0.0,BTC-27JUN26-60000-C,0.005,0.006,206.7,0.00567865,1782497953816,-5.7143,277.5,39.77,59924.95,index_price,BTC,BTC,59924.95,139330.77,0.0055,60000.0,1782547200000,call,0.001,0.18181818181818182,1.001252399876846,0.0,329.587225,False
0.062,0.05,0.057,0.0,BTC-28AUG26-62000-C,0.055,0.056,728.3,0.05552677,1782497953816,4.5872,23.1,41.53,59924.95,BTC-28AUG26,BTC,BTC,59924.95,77882.12,0.0555,62000.0,1787904000000,call,0.0010000000000000009,0.018018018018018035,1.0346274798727408,0.0,3325.8347249999997,False
0.392,0.392,0.392,0.0,BTC-26MAR27-40000-C,0.3855,0.3885,69.3,0.38653056,1782497953816,0.0,1.3,54.11,59924.95,BTC-26MAR27,BTC,BTC,59924.95,30804.33,0.387,40000.0,1806048000000,call,0.0030000000000000027,0.007751937984496131,0.6675015999178974,19924.949999999997,23190.95565,False
0.1675,0.166,0.166,0.0,BTC-25JUN27-64000-C,0.1645,0.1685,1.0,0.16644147,1782497953816,-0.8955,2.0,44.93,59924.95,BTC-25JUN27,BTC,BTC,59924.95,19962.92,0.1665,64000.0,1813910400000,call,0.0040000000000000036,0.024024024024024045,1.0680025598686358,0.0,9977.504175,False
,,0.223,0.0,BTC-25SEP26-72000-P,0.2105,0.216,281.3,0.21317246,1782497953816,,0.0,38.99,59924.95,BTC-25SEP26,BTC,BTC,59924.95,0.0,0.21325,72000.0,1790323200000,put,0.005500000000000005,0.025791324736225113,1.2015028798522152,12075.050000000003,12778.9955875,False
,,0.1595,0.0,BTC-28AUG26-55000-C,0.1235,0.1255,5.0,0.12422824,1782497953816,,0.0,46.42,59924.95,BTC-28AUG26,BTC,BTC,59924.95,0.0,0.1245,55000.0,1787904000000,call,0.0020000000000000018,0.016064257028112466,0.9178146998871088,4924.949999999997,7460.656274999999,False
0.106,0.0945,0.0965,0.0,BTC-25SEP26-62000-P,0.0975,0.0995,866.3,0.09832511,1782497953816,0.0,1.7,41.99,59924.95,BTC-25SEP26,BTC,BTC,59924.95,10224.48,0.0985,62000.0,1790323200000,put,0.0020000000000000018,0.020304568527918797,1.0346274798727408,2075.050000000003,5902.607575,False
0.0023,0.0012,0.0013,0.0,BTC-31JUL26-76000-C,0.0012,0.0015,2488.4,0.00133695,1782497953816,-38.0952,8.3,39.35,59924.95,BTC-31JUL26,BTC,BTC,59924.95,1089.29,0.00135,76000.0,1785484800000,call,0.00030000000000000014,0.22222222222222232,1.2682530398440048,0.0,80.8986825,False
0.214,0.214,0.214,0.0,BTC-26MAR27-55000-C,0.21,0.2125,28.7,0.21108145,1782497953816,0.0,1.0,46.73,59924.95,BTC-26MAR27,BTC,BTC,59924.95,12906.14,0.21125,55000.0,1806048000000,call,0.0025000000000000022,0.011834319526627229,0.9178146998871088,4924.949999999997,12659.145687499999,False
0.1555,0.148,0.148,0.0,BTC-26MAR27-62000-C,0.15,0.153,43.0,0.15102253,1782497953816,-1.9868,0.9,44.82,59924.95,BTC-26MAR27,BTC,BTC,59924.95,8226.45,0.1515,62000.0,1806048000000,call,0.0030000000000000027,0.01980198019801982,1.0346274798727408,0.0,9078.629925,False
,,0.248,0.0,BTC-31JUL26-48000-C,0.2075,0.2105,2.0,0.20868754,1782497953816,,0.0,58.12,59924.95,BTC-31JUL26,BTC,BTC,59924.95,0.0,0.209,48000.0,1785484800000,call,0.0030000000000000027,0.014354066985645947,0.8010019199014768,11924.949999999997,12524.31455,False
0.008,0.0041,0.006,0.0,BTC-3JUL26-63000-C,0.0055,0.006,827.1,0.00573828,1782497953816,20.0,753.5,41.25,59924.95,BTC-3JUL26,BTC,BTC,59924.95,299296.73,0.00575,63000.0,1783065600000,call,0.0005000000000000004,0.08695652173913052,1.0513150198706882,0.0,344.56846249999995,False
,,,0.0,BTC-25JUN27-52000-C,0.2655,0.2715,0.0,0.26721749,1782497953816,,0.0,47.71,59924.95,BTC-25JUN27,BTC,BTC,59924.95,0.0,0.2685,52000.0,1813910400000,call,0.006000000000000005,0.022346368715083817,0.8677520798932665,7924.949999999997,16089.849075,False
,,0.1995,0.0,BTC-25SEP26-50000-C,0.2,0.203,30.7,0.20137741,1782497953816,,0.0,50.06,59924.95,BTC-25SEP26,BTC,BTC,59924.95,0.0,0.2015,50000.0,1790323200000,call,0.0030000000000000027,0.014888337468982642,0.8343769998973717,9924.949999999997,12074.877425,False
0.0027,0.0015,0.0018,0.0,BTC-31JUL26-75000-C,0.0015,0.0019,3170.3,0.00170885,1782497953816,-33.3333,44.8,39.14,59924.95,BTC-31JUL26,BTC,BTC,59924.95,5830.64,0.0017000000000000001,75000.0,1785484800000,call,0.00039999999999999996,0.2352941176470588,1.2515654998460575,0.0,101.872415,False
0.056,0.0515,0.053,0.0,BTC-26MAR27-82000-C,0.0515,0.0535,312.8,0.05246239,1782497953816,1.9231,19.1,42.5,59924.95,BTC-26MAR27,BTC,BTC,59924.95,60640.85,0.0525,82000.0,1806048000000,call,0.0020000000000000018,0.03809523809523813,1.3683782798316895,0.0,3146.059875,False
0.012,0.0033,0.0033,0.0,BTC-29JUN26-57500-P,0.0028,0.0032,47.1,0.0031001,1782497953817,-61.1765,50.0,48.01,59924.95,index_price,BTC,BTC,59924.95,19216.22,0.003,57500.0,1782720000000,put,0.0004000000000000002,0.1333333333333334,0.9595335498819774,0.0,179.77485,False
0.0055,0.0017,0.0034,0.0,BTC-29JUN26-62000-C,0.0015,0.0018,169.3,0.00172275,1782497953817,47.8261,213.5,34.28,59924.95,index_price,BTC,BTC,59924.95,32662.52,0.00165,62000.0,1782720000000,call,0.0002999999999999999,0.18181818181818177,1.0346274798727408,0.0,98.8761675,False
0.134,0.1335,0.1335,0.0,BTC-25SEP26-55000-C,0.1375,0.1405,84.2,0.13901732,1782497953817,-0.3731,0.6,46.04,59924.95,BTC-25SEP26,BTC,BTC,59924.95,4758.91,0.139,55000.0,1790323200000,call,0.0030000000000000027,0.02158273381294966,0.9178146998871088,4924.949999999997,8329.56805,False
0.0075,0.0039,0.004,0.0,BTC-17JUL26-48000-P,0.004,0.0044,30.8,0.00423352,1782497953817,-38.4615,31.8,63.85,59924.95,BTC-17JUL26,BTC,BTC,59924.95,10579.04,0.004200000000000001,48000.0,1784275200000,put,0.0004000000000000002,0.09523809523809527,0.8010019199014768,0.0,251.68479000000002,False
0.012,0.0075,0.01,0.0,BTC-31JUL26-68000-C,0.009,0.01,428.4,0.00992229,1782497953817,11.1111,85.4,39.0,59924.95,BTC-31JUL26,BTC,BTC,59924.95,46317.81,0.0095,68000.0,1785484800000,call,0.0010000000000000009,0.10526315789473693,1.1347527198604255,0.0,569.287025,False
0.2725,0.2725,0.2725,0.0,BTC-25DEC26-74000-P,0.258,0.2655,61.0,0.2629478,1782497953817,0.0,0.3,41.77,59924.95,BTC-25DEC26,BTC,BTC,59924.95,4852.89,0.26175000000000004,74000.0,1798185600000,put,0.007500000000000007,0.02865329512893985,1.23487795984811,14075.050000000003,15685.355662500002,False
,,,0.0,BTC-25JUN27-45000-C,0.341,0.347,0.0,0.34304629,1782497953817,,0.0,50.33,59924.95,BTC-25JUN27,BTC,BTC,59924.95,0.0,0.344,45000.0,1813910400000,call,0.00599999999999995,0.017441860465116133,0.7509392999076345,14924.949999999997,20614.1828,False
,,0.056,0.0,BTC-3JUL26-56000-C,0.0715,0.0745,0.7,0.07315092,1782497953817,,0.0,56.13,59924.95,BTC-3JUL26,BTC,BTC,59924.95,0.0,0.073,56000.0,1783065600000,call,0.0030000000000000027,0.04109589041095894,0.9345022398850563,3924.949999999997,4374.521349999999,False
0.019,0.015,0.0165,0.0,BTC-25SEP26-74000-C,0.016,0.0165,534.3,0.01633751,1782497953817,6.4516,23.2,38.98,59924.95,BTC-25SEP26,BTC,BTC,59924.95,22655.33,0.01625,74000.0,1790323200000,call,0.0005000000000000004,0.030769230769230795,1.23487795984811,0.0,973.7804375,False
0.0285,0.021,0.0255,0.0,BTC-31JUL26-64000-C,0.024,0.025,260.4,0.02454567,1782497953817,15.9091,25.9,40.13,59924.95,BTC-31JUL26,BTC,BTC,59924.95,37521.57,0.0245,64000.0,1785484800000,call,0.0010000000000000009,0.040816326530612276,1.0680025598686358,0.0,1468.161275,False
,,,0.0,BTC-25JUN27-54000-C,0.246,0.252,0.0,0.24817407,1782497953817,,0.0,47.22,59924.95,BTC-25JUN27,BTC,BTC,59924.95,0.0,0.249,54000.0,1813910400000,call,0.006000000000000005,0.024096385542168697,0.9011271598891614,5924.949999999997,14921.312549999999,False
0.0265,0.024,0.025,0.0,BTC-25DEC26-84000-C,0.023,0.024,654.5,0.02402268,1782497953817,2.0408,1.7,41.68,59924.95,BTC-25DEC26,BTC,BTC,59924.95,2624.57,0.0235,84000.0,1798185600000,call,0.0010000000000000009,0.04255319148936174,1.4017533598275844,0.0,1408.2363249999999,False
,,,0.0,BTC-10JUL26-72000-P,0.197,0.2035,0.0,0.20085079,1782497953817,,0.0,41.42,59924.95,BTC-10JUL26,BTC,BTC,59924.95,0.0,0.20024999999999998,72000.0,1783670400000,put,0.006499999999999978,0.032459425717852576,1.2015028798522152,12075.050000000003,11999.971237499998,True
0.265,0.265,0.265,0.0,BTC-25SEP26-76000-P,0.2685,0.2735,599.6,0.27075382,1782497953817,0.0,0.2,38.8,59924.95,BTC-25SEP26,BTC,BTC,59924.95,3191.23,0.271,76000.0,1790323200000,put,0.0050000000000000044,0.018450184501845032,1.2682530398440048,16075.050000000003,16239.66145,False
0.0555,0.0445,0.054,0.0,BTC-25SEP26-54000-P,0.044,0.0455,90.5,0.04466715,1782497953817,12.5,38.3,46.71,59924.95,BTC-25SEP26,BTC,BTC,59924.95,106280.99,0.04475,54000.0,1790323200000,put,0.0015000000000000013,0.03351955307262573,0.9011271598891614,0.0,2681.6415125,False
0.0165,0.0012,0.0017,0.0,BTC-27JUN26-58500-P,0.0011,0.0014,235.1,0.00135934,1782497953817,-66.0,344.9,53.91,59924.95,index_price,BTC,BTC,59924.95,134162.5,0.00125,58500.0,1782547200000,put,0.0002999999999999999,0.23999999999999994,0.9762210898799248,0.0,74.9061875,False
0.047,0.0415,0.044,0.0,BTC-25DEC26-76000-C,0.042,0.0435,280.1,0.04271959,1782497953817,-1.1236,11.3,41.61,59924.95,BTC-25DEC26,BTC,BTC,59924.95,29886.43,0.042749999999999996,76000.0,1798185600000,call,0.0014999999999999944,0.03508771929824549,1.2682530398440048,0.0,2561.7916124999997,False
,,0.0032,0.0,BTC-28AUG26-82000-C,0.0018,0.0023,371.9,0.00203588,1782497953817,,0.0,39.12,59924.95,BTC-28AUG26,BTC,BTC,59924.95,0.0,0.0020499999999999997,82000.0,1787904000000,call,0.0005,0.24390243902439027,1.3683782798316895,0.0,122.84614749999997,False
0.049,0.0415,0.0475,0.0,BTC-25SEP26-66000-C,0.045,0.046,229.7,0.04541117,1782497953817,0.0,15.2,40.37,59924.95,BTC-25SEP26,BTC,BTC,59924.95,37781.67,0.0455,66000.0,1790323200000,call,0.0010000000000000009,0.021978021978021997,1.1013776398645305,0.0,2726.585225,False
0.006,0.0041,0.0049,0.0,BTC-31JUL26-71000-C,0.0042,0.0046,1364.9,0.00459936,1782497953817,-2.0,68.5,38.55,59924.95,BTC-31JUL26,BTC,BTC,59924.95,19296.23,0.004399999999999999,71000.0,1785484800000,call,0.0004000000000000002,0.09090909090909097,1.1848153398542678,0.0,263.66977999999995,False
0.0195,0.017,0.0185,0.0,BTC-25DEC26-88000-C,0.017,0.018,2017.6,0.01783392,1782497953817,0.0,9.5,41.68,59924.95,BTC-25DEC26,BTC,BTC,59924.95,10450.97,0.0175,88000.0,1798185600000,call,0.0009999999999999974,0.05714285714285699,1.468503519819374,0.0,1048.686625,False
0.058,0.055,0.058,0.0,BTC-17JUL26-58000-C,0.061,0.0625,8.2,0.0616456,1782497953817,5.4545,6.8,46.22,59924.95,BTC-17JUL26,BTC,BTC,59924.95,23363.88,0.06175,58000.0,1784275200000,call,0.0015000000000000013,0.024291497975708523,0.9678773198809512,1924.949999999997,3700.3656625,False
0.139,0.139,0.139,0.0,BTC-25JUN27-56000-P,0.1255,0.131,0.3,0.12864366,1782497953817,0.0,0.1,46.62,59924.95,BTC-25JUN27,BTC,BTC,59924.95,826.31,0.12825,56000.0,1813910400000,put,0.005500000000000005,0.042884990253411345,0.9345022398850563,0.0,7685.3748375,False
0.3355,0.3355,0.3355,0.0,BTC-28AUG26-80000-P,0.3215,0.376,1.0,0.3320757,1782497953817,0.0,0.1,38.97,59924.95,BTC-28AUG26,BTC,BTC,59924.95,2006.14,0.34875,80000.0,1787904000000,put,0.05449999999999999,0.15627240143369173,1.3350031998357947,20075.050000000003,20898.826312499998,False
,,0.151,0.0,BTC-31JUL26-54000-C,0.12,0.123,1.4,0.12141203,1782497953817,,0.0,49.46,59924.95,BTC-31JUL26,BTC,BTC,59924.95,0.0,0.1215,54000.0,1785484800000,call,0.0030000000000000027,0.02469135802469138,0.9011271598891614,5924.949999999997,7280.881425,False
0.016,0.007,0.007,0.0,BTC-3JUL26-56000-P,0.007,0.0075,529.4,0.0072323,1782497953817,-30.0,47.5,56.13,59924.95,BTC-3JUL26,BTC,BTC,59924.95,31146.51,0.0072499999999999995,56000.0,1783065600000,put,0.0004999999999999996,0.06896551724137925,0.9345022398850563,0.0,434.45588749999996,False
0.035,0.026,0.0265,0.0,BTC-28AUG26-52000-P,0.0255,0.027,676.0,0.02627393,1782497953817,-5.3571,579.2,49.29,59924.95,BTC-28AUG26,BTC,BTC,59924.95,1097566.28,0.02625,52000.0,1787904000000,put,0.0015000000000000013,0.0571428571428572,0.8677520798932665,0.0,1573.0299375,False
,,0.289,0.0,BTC-25SEP26-82000-P,0.3605,0.3665,194.7,0.36325928,1782497953817,,0.0,38.99,59924.95,BTC-25SEP26,BTC,BTC,59924.95,0.0,0.3635,82000.0,1790323200000,put,0.006000000000000005,0.01650618982118296,1.3683782798316895,22075.050000000003,21782.719325,True
0.1485,0.1485,0.1485,0.0,BTC-25DEC26-58000-C,0.1485,0.151,41.6,0.14967296,1782497953817,0.0,0.1,45.24,59924.95,BTC-25DEC26,BTC,BTC,59924.95,883.56,0.14975,58000.0,1798185600000,call,0.0025000000000000022,0.016694490818030067,0.9678773198809512,1924.949999999997,8973.761262499998,False
0.1125,0.0965,0.1035,0.0,BTC-31JUL26-65000-P,0.101,0.104,322.8,0.10202809,1782497953817,7.2539,5.3,39.51,59924.95,BTC-31JUL26,BTC,BTC,59924.95,31855.58,0.10250000000000001,65000.0,1785484800000,put,0.002999999999999989,0.029268292682926716,1.0846900998665832,5075.050000000003,6142.307375,False
0.004,0.0009,0.0009,0.0,BTC-30JUN26-53000-P,0.0009,0.001,104.6,0.00096027,1782497953817,-47.0588,107.2,69.73,59924.95,index_price,BTC,BTC,59924.95,19570.98,0.00095,53000.0,1782806400000,put,0.00010000000000000005,0.10526315789473689,0.884439619891214,0.0,56.9287025,False
0.125,0.125,0.125,0.0,BTC-28AUG26-65000-P,0.113,0.117,275.2,0.11599229,1782497953817,0.0,0.2,40.08,59924.95,BTC-28AUG26,BTC,BTC,59924.95,1481.34,0.115,65000.0,1787904000000,put,0.0040000000000000036,0.0347826086956522,1.0846900998665832,5075.050000000003,6891.36925,False
0.223,0.2059,0.2059,0.0,BTC-3JUL26-73000-P,0.209,0.2375,8.1,0.21777976,1782497953817,-7.6682,8.1,57.2,59924.95,BTC-3JUL26,BTC,BTC,59924.95,101615.54,0.22325,73000.0,1783065600000,put,0.028499999999999998,0.1276595744680851,1.2181904198501627,13075.050000000003,13378.2450875,False
,,,0.0,BTC-3JUL26-52000-C,0.1335,0.1365,0.0,0.13499647,1782497953817,,0.0,69.26,59924.95,BTC-3JUL26,BTC,BTC,59924.95,0.0,0.135,52000.0,1783065600000,call,0.0030000000000000027,0.02222222222222224,0.8677520798932665,7924.949999999997,8089.86825,False
0.025,0.0215,0.023,0.0,BTC-25DEC26-85000-C,0.0215,0.0225,1781.6,0.02230861,1782497953817,-2.1277,67.8,41.68,59924.95,BTC-25DEC26,BTC,BTC,59924.95,100374.84,0.022,85000.0,1798185600000,call,0.0010000000000000009,0.0454545454545455,1.4184408998255318,0.0,1318.3489,False
,,0.1765,0.0,BTC-28AUG26-85000-P,0.404,0.453,0.4,0.41363304,1782497953817,,0.0,40.25,59924.95,BTC-28AUG26,BTC,BTC,59924.95,0.0,0.4285,85000.0,1787904000000,put,0.04899999999999999,0.1143523920653442,1.4184408998255318,25075.050000000003,25677.841074999997,False
0.0255,0.0205,0.0225,0.0,BTC-28AUG26-68000-C,0.022,0.0225,279.9,0.0223142,1782497953817,4.6512,23.0,39.05,59924.95,BTC-28AUG26,BTC,BTC,59924.95,29200.72,0.02225,68000.0,1787904000000,call,0.0005000000000000004,0.02247191011235957,1.1347527198604255,0.0,1333.3301374999999,False
,,,0.0,BTC-28AUG26-52000-C,0.1615,0.165,0.0,0.16230945,1782497953817,,0.0,49.29,59924.95,BTC-28AUG26,BTC,BTC,59924.95,0.0,0.16325,52000.0,1787904000000,call,0.003500000000000003,0.02143950995405821,0.8677520798932665,7924.949999999997,9782.7480875,False
,,0.036,0.0,BTC-25DEC26-78000-C,0.0365,0.038,233.3,0.03698786,1782497953817,,0.0,41.59,59924.95,BTC-25DEC26,BTC,BTC,59924.95,0.0,0.03725,78000.0,1798185600000,call,0.0015000000000000013,0.040268456375838965,1.3016281198398998,0.0,2232.2043875,False
0.142,0.1375,0.142,0.0,BTC-28AUG26-54000-C,0.1355,0.139,7.0,0.13644323,1782497953817,3.2727,7.0,47.32,59924.95,BTC-28AUG26,BTC,BTC,59924.95,58271.23,0.13725,54000.0,1787904000000,call,0.003500000000000003,0.025500910746812405,0.9011271598891614,5924.949999999997,8224.6993875,False
0.06,0.0375,0.052,0.0,BTC-17JUL26-60000-P,0.0405,0.042,207.9,0.04130615,1782497953817,15.5556,194.6,43.56,59924.95,BTC-17JUL26,BTC,BTC,59924.95,534476.46,0.04125,60000.0,1784275200000,put,0.0015000000000000013,0.0363636363636364,1.001252399876846,75.05000000000291,2471.9041875,False
